id	moleculeName
150	(+)-marmesin, Torachrysone, (+)-columbianetin, Decursinol, Nodakenetin, Marmesin, Columbianetin
478	(+)-trans-alpha-Irone, alpha-Irone, 4-tert-Octylphenol, 4-Octylphenol
152	(+/-)-6-Hydroxy-3-oxo-alpha-ionone, (+-)-6-hydroxy-3-oxo-&alpha;-ionone, Dehydrovomifoliol
541	(1/2,5,6)-2-(3-azibutylthio)-5,6-epoxy-3-cyclohexen-1-ol
1289	(2E,6E)-farnesyl methyl ester, Triton X-100, Methyl farnesoate
750	(2R,3S,6S)-3-fluoro-2,6-diaminopimelate, (2R,3R,6S)-3-fluoro-2,6-diaminopimelate, (2S,3S,6S)-3-fluoro-2,6-diaminopimelate, (2S,3R,6S)-3-fluoro-2,6-diaminopimelate, Formyl-5-hydroxykynurenamine, L-Kynurenine, Kynurenine, Formyl-5-hydroxykynurenamine, kynurenine, L-Kynurenine, L-Kynurenine
1113	(2S,3S)-2-Hydroxytridecane-1,2,3-tricarboxylate
1112	(2S)-2-Isopropyl-3-oxosuccinate, 2-Isopropyl-3-oxosuccinate, (2S)-2-isopropylmalate, valienone, Shikimate, 3-propylmalate, (2R,3S)-3-isopropylmalate, Shikimic acid, 2-Oxopimelate
3	(6Z)-Octadecenoic acid, (11E)-Octadecenoic acid, Elaidic acid, Oleic acid, (9E)-Octadecenoic acid, (9Z)-Octadecenoic acid, Vaccenic acid, omega-Cycloheptylundecanoic acid
1187	(9Z,11E,13E)-4-Oxooctadeca-9,11,13-trienoic acid, (9R,13R)-12-Oxo-phytodienoic acid, 12-OPDA, 17beta-Hydroxy-2-oxa-5alpha-androstan-3-one, Colnelenic acid, 9,10-EOT, 10-OPDA, Etherolenic acid, (9Z,15Z)-(13S)-12,13-Epoxyoctadeca-9,11,15-trienoic acid
597	(R)-3-Hydroxy-hexadecanoic acid, 16-Hydroxypalmitate
558	(R)-3-Hydroxydecanoic acid, 6-Hydroxy-3,7-dimethyloctanoate, 3-Hydroxycapric acid, 10-Hydroxydecanoic acid
821	(R)-3-Hydroxyoctanoic acid, 7-Hydroxyoctanoic acid, Hydroxyoctanoic acid, (R)-2-Hydroxycaprylic acid, Ethyl (S)-3-hydroxyhexanoate, Ethyl (R)-3-hydroxyhexanoate, ethyl (R)-3-hydroxyhexanoate, Rengyol, 3-Hydroxyoctanoic acid, ethyl (S)-3-hydroxyhexanoate, 5-Hydroxyvalproic acid, 3-Hydroxyvalproic acid, 4-Hydroxyvalproic acid
840	(R)-AMAA, Hydantoin-5-propionate, Hydantoin-5-propionic acid
1308	(R)-Lipoic acid, 2-Methylcitric acid, (R)-2-Hydroxybutane-1,2,4-tricarboxylate, Homoisocitrate, Methylisocitric acid, 2-Methylcitrate, Lipoate, Lipoic acid, Homocitric acid, Lipoate, 2-Methylcitrate, (2S,3R)-3-Hydroxybutane-1,2,3-tricarboxylate
25	(S)-3-Hydroxyisobutyrate, (S)-3-Hydroxybutyric acid, Alpha-Hydroxyisobutyric acid, 4-Hydroxybutyric acid, (S)-3-Hydroxyisobutyric acid, (R)-3-Hydroxybutyric acid, 2-Hydroxybutyric acid, (R)-3-Hydroxyisobutyric acid, 3-Hydroxybutyric acid, 4-Hydroxyacid, 3,4-dihydroxy-2-butanone, 3-Hydroxy-2-methylpropanoate, (R)-3-Hydroxybutanoate, (S)-3-Hydroxybutanoate, 2-Hydroxybutanoic acid, (R)-3-Hydroxybutanoate, 4-Hydroxybutanoic acid, methyl D-lactate, Methyl methoxyacetate
93	(S)-3-Hydroxyisobutyrate, (S)-3-Hydroxybutyric acid, Alpha-Hydroxyisobutyric acid, 4-Hydroxybutyric acid, (S)-3-Hydroxyisobutyric acid, (R)-3-Hydroxybutyric acid, 2-Hydroxybutyric acid, (R)-3-Hydroxyisobutyric acid, 3-Hydroxybutyric acid, 4-Hydroxyacid, 3,4-dihydroxy-2-butanone, 3-Hydroxy-2-methylpropanoate, (R)-3-Hydroxybutanoate, (S)-3-Hydroxybutanoate, 2-Hydroxybutanoic acid, (R)-3-Hydroxybutanoate, 4-Hydroxybutanoic acid, methyl D-lactate, Methyl methoxyacetate
242	&alpha;-L-arabinopyranose, L-Arabinofuranose, L-ribose, beta-D-Apiose, alpha-D-Ribulose, beta-D-Ribopyranose, &beta;-D-lyxopyranose, &alpha;-L-lyxopyranose, &beta;-L-arabinopyranose, D-lyxose, L-Arabinose, D-Ribulose, L-Threo-2-pentulose, D-Xylose, Beta-D-ribopyranose, L-Arabinose, Sugar, &beta;-D-ribopyranose, &beta;-D-ribofuranose, D-Ribose, Arabinofuranose, 2-Deoxyribonic acid, D-Arabinose, Xylose, 5S-rRNA, L-Xylose, L-Lyxose, &alpha;-D-ribofuranose, D-Apiose, &alpha;-L-arabinofuranose, &beta;-L-arabinofuranose, &beta;-D-arabinofuranose, &alpha;-D-arabinofuranose, &beta;-D-arabinopyranose, &alpha;-D-arabinopyranose, Ribulose, L-xylose, L-ribulose, (2S,4S)-2-methyl-2,3,3,4-tetrahydroxytetrahydrofuran, (2R,4S)-2-methyl-2,3,3,4-tetrahydroxytetrahydrofuran, D-Xylulose, D-Lyxose, &beta;-L-lyxopyranose, D-Ribulose, D-Xylulose, L-Xylulose, apiose, &alpha;-D-lyxopyranose, L-Ribulose, L-xylulose, D-Ribose, alpha-L-Arabinose, D-Arabinose, L-Arabinose, L-Ribulose, &beta;-D-xylose, D-Ribose, D-Xylose, D-xylulose, alpha-D-Lyxose, alpha-D-Xylose, beta-L-Arabinose, &alpha;-D-xylose, beta-D-Xylose, beta-D-Ribofuranose, pentose-ring, D-ribulose
462	&alpha;-L-arabinopyranose, L-Arabinofuranose, L-ribose, beta-D-Apiose, alpha-D-Ribulose, beta-D-Ribopyranose, &beta;-D-lyxopyranose, &alpha;-L-lyxopyranose, &beta;-L-arabinopyranose, D-lyxose, L-Arabinose, D-Ribulose, L-Threo-2-pentulose, D-Xylose, Beta-D-ribopyranose, L-Arabinose, Sugar, &beta;-D-ribopyranose, &beta;-D-ribofuranose, D-Ribose, Arabinofuranose, 2-Deoxyribonic acid, D-Arabinose, Xylose, 5S-rRNA, L-Xylose, L-Lyxose, &alpha;-D-ribofuranose, D-Apiose, &alpha;-L-arabinofuranose, &beta;-L-arabinofuranose, &beta;-D-arabinofuranose, &alpha;-D-arabinofuranose, &beta;-D-arabinopyranose, &alpha;-D-arabinopyranose, Ribulose, L-xylose, L-ribulose, (2S,4S)-2-methyl-2,3,3,4-tetrahydroxytetrahydrofuran, (2R,4S)-2-methyl-2,3,3,4-tetrahydroxytetrahydrofuran, D-Xylulose, D-Lyxose, &beta;-L-lyxopyranose, D-Ribulose, D-Xylulose, L-Xylulose, apiose, &alpha;-D-lyxopyranose, L-Ribulose, L-xylulose, D-Ribose, alpha-L-Arabinose, D-Arabinose, L-Arabinose, L-Ribulose, &beta;-D-xylose, D-Ribose, D-Xylose, D-xylulose, alpha-D-Lyxose, alpha-D-Xylose, beta-L-Arabinose, &alpha;-D-xylose, beta-D-Xylose, beta-D-Ribofuranose, pentose-ring, D-ribulose
1423	1-16:0-2-18:2-phosphatidylethanolamine, PE(20:2(11Z,14Z)/14:0), PE(20:1(11Z)/14:1(9Z)), PE(18:2(9Z,12Z)/16:0), PE(18:1(9Z)/16:1(9Z)), PE(18:1(11Z)/16:1(9Z)), PE(14:1(9Z)/20:1(11Z)), PE(14:0/20:2(11Z,14Z)), PE(16:0/18:2(9Z,12Z)), PE(16:1(9Z)/18:1(11Z)), PE(16:1(9Z)/18:1(9Z))
1067	1-20:2-2-18:2-phosphatidylethanolamine, 1-20:1-2-18:3-phosphatidylethanolamine, PE(20:0/18:4(6Z,9Z,12Z,15Z)), PE(20:2(11Z,14Z)/18:2(9Z,12Z)), PE(20:1(11Z)/18:3(6Z,9Z,12Z)), PE(20:1(11Z)/18:3(9Z,12Z,15Z)), PE(20:3(5Z,8Z,11Z)/18:1(11Z)), PE(20:3(5Z,8Z,11Z)/18:1(9Z)), PE(20:3(8Z,11Z,14Z)/18:1(11Z)), PE(20:3(8Z,11Z,14Z)/18:1(9Z)), PE(20:4(5Z,8Z,11Z,14Z)/18:0), PE(20:4(8Z,11Z,14Z,17Z)/18:0), PE(22:4(7Z,10Z,13Z,16Z)/16:0), PE(18:2(9Z,12Z)/20:2(11Z,14Z)), PE(18:1(11Z)/20:3(5Z,8Z,11Z)), PE(18:1(11Z)/20:3(8Z,11Z,14Z)), PE(18:1(9Z)/20:3(5Z,8Z,11Z)), PE(18:1(9Z)/20:3(8Z,11Z,14Z)), PE(18:0/20:4(5Z,8Z,11Z,14Z)), PE(18:0/20:4(8Z,11Z,14Z,17Z)), PE(18:4(6Z,9Z,12Z,15Z)/20:0), PE(18:3(9Z,12Z,15Z)/20:1(11Z)), PE(18:3(6Z,9Z,12Z)/20:1(11Z)), PE(16:0/22:4(7Z,10Z,13Z,16Z)), PE(16:1(9Z)/20:3(8Z,11Z,14Z)), PC(20:4(5Z,8Z,11Z,14Z)/15:0), PC(20:4(8Z,11Z,14Z,17Z)/15:0), PC(15:0/20:4(8Z,11Z,14Z,17Z)), PC(15:0/20:4(5Z,8Z,11Z,14Z)), Triton, reduced
1252	1-Hydroxypentane-1,2,5-tricarboxylate, (R)-(Homo)2-citrate
304	1-Methylxanthine, 7-methylxanthine, 3-Methylxanthine, 7-Methylxanthine, 1-methylxanthine, 3-methylxanthine, 7-Methylxanthine, 3-Methylxanthine, 1-Methylxanthine
801	1-nitrobutane, 4-aminobutyrate, N-methyl-&beta;-alanine, D-2-aminobuyrate, L-&alpha;-amino-n-butyrate, L-Alpha-aminobutyric acid, D-Alpha-aminobutyric acid, Dimethylglycine, Gamma-Aminobutyric acid, N-Ethylglycine, dimethylglycine, HBA, (R)-b-aminoisobutyric acid, DL-3-aminobutyrate, (R)-3-Amino-2-methylpropanoate, (S)-b-aminoisobutyric acid, N-ethylglycine, 2-Amino-2-methylpropanoate, N,N-Dimethylglycine, L-3-Amino-isobutanoate, 3-Aminoisobutyric acid, 2-Aminoisobutyric acid, 3-Aminoisobutanoic acid, 2-aminobutyrate, Collagen type IV, 4-Aminobutanoate, N-methyl-L-alanine, 4-Aminobutanoate, (S)-3-amino-2-methylpropanoate, (R)-3-amino-2-methylpropanoate, N-Methyl-L-alanine, D-2-Aminobutyrate, (S)-2-Aminobutanoate
1150	1-nitrobutane, 4-aminobutyrate, N-methyl-&beta;-alanine, D-2-aminobuyrate, L-&alpha;-amino-n-butyrate, L-Alpha-aminobutyric acid, D-Alpha-aminobutyric acid, Dimethylglycine, Gamma-Aminobutyric acid, N-Ethylglycine, dimethylglycine, HBA, (R)-b-aminoisobutyric acid, DL-3-aminobutyrate, (R)-3-Amino-2-methylpropanoate, (S)-b-aminoisobutyric acid, N-ethylglycine, 2-Amino-2-methylpropanoate, N,N-Dimethylglycine, L-3-Amino-isobutanoate, 3-Aminoisobutyric acid, 2-Aminoisobutyric acid, 3-Aminoisobutanoic acid, 2-aminobutyrate, Collagen type IV, 4-Aminobutanoate, N-methyl-L-alanine, 4-Aminobutanoate, (S)-3-amino-2-methylpropanoate, (R)-3-amino-2-methylpropanoate, N-Methyl-L-alanine, D-2-Aminobutyrate, (S)-2-Aminobutanoate
89	1-nitrohexane, &beta;-alanine betaine, D-Isoleucine, L-isoleucine, beta-Alaninebetaine, L-leucine, L-Alloisoleucine, L-Leucine, L-Isoleucine, N-methylvaline, L-Norleucine, &beta;-leucine, D-Leucine, L-norleucine, L-Leucine, D-isoleucine, D-leucine, Aminocaproic acid, L-Norleucine, L-Isoleucine, Beta-Leucine, L-isoleucine, 6-aminohexanoate, L-Leucine, (3R)-beta-Leucine, 6-Aminohexanoate, Isoleucine, Leucine, N,N-Diethylglycine
99	1-nitrohexane, &beta;-alanine betaine, D-Isoleucine, L-isoleucine, beta-Alaninebetaine, L-leucine, L-Alloisoleucine, L-Leucine, L-Isoleucine, N-methylvaline, L-Norleucine, &beta;-leucine, D-Leucine, L-norleucine, L-Leucine, D-isoleucine, D-leucine, Aminocaproic acid, L-Norleucine, L-Isoleucine, Beta-Leucine, L-isoleucine, 6-aminohexanoate, L-Leucine, (3R)-beta-Leucine, 6-Aminohexanoate, Isoleucine, Leucine, N,N-Diethylglycine
85	1-nitropentane, L-Valine, N,N-dimethyl-&beta;-alanine, DL-norvaline, glycine betaine, D-Valine, Betaine, D-Norvaline, L-valine, L-Norvaline, 4-Methylaminobutyrate, 5-aminopentanoate, N-Methyl-a-aminoisobutyric acid, 2-Amino-2-methylbutanoate, L-2-aminopentanoate, L-Valine, Amyl nitrite, Vaporole, Betaine, 5-Aminopentanoate, 4-methylaminobutyrate, D-valine, Betaine, 5-Aminopentanoic acid, L-Valine, Valine
964	1-nitropentane, L-Valine, N,N-dimethyl-&beta;-alanine, DL-norvaline, glycine betaine, D-Valine, Betaine, D-Norvaline, L-valine, L-Norvaline, 4-Methylaminobutyrate, 5-aminopentanoate, N-Methyl-a-aminoisobutyric acid, 2-Amino-2-methylbutanoate, L-2-aminopentanoate, L-Valine, Amyl nitrite, Vaporole, Betaine, 5-Aminopentanoate, 4-methylaminobutyrate, D-valine, Betaine, 5-Aminopentanoic acid, L-Valine, Valine
19	1-Pyrroline-4-hydroxy-2-carboxylate, L-1-Pyrroline-3-hydroxy-5-carboxylate, Pyrrolidonecarboxylic acid, Pyroglutamic acid, 1-Pyrroline-4-hydroxy-2-carboxylate, 4-Oxoproline, 5-Oxoproline, N-Acryloylglycine, Pyrroline hydroxycarboxylic acid, 5-Oxoproline, 5-Oxo-D-proline
842	1-Pyrroline-4-hydroxy-2-carboxylate, L-1-Pyrroline-3-hydroxy-5-carboxylate, Pyrrolidonecarboxylic acid, Pyroglutamic acid, 1-Pyrroline-4-hydroxy-2-carboxylate, 4-Oxoproline, 5-Oxoproline, N-Acryloylglycine, Pyrroline hydroxycarboxylic acid, 5-Oxoproline, 5-Oxo-D-proline
815	1-thio-&beta;-D-glucose
35	1,2-Epoxy-3-(p-Nitrophenoxy)propane, Salicyluric acid, p-nitrophenyl propionate, Alpha-Hydroxyhippuric acid, 4-Carboxyphenylglycine, Leucodopachrome, HMBOA, 2-Carboxy-2,3-dihydro-5,6-dihydroxyindole, Copachrome, Melanin, dopaquinone, 3-Hydroxyhippuric acid, Salicyluric acid, Dopaquinone, Dopaquinone
80	1,2-Epoxy-3-(p-Nitrophenoxy)propane, Salicyluric acid, p-nitrophenyl propionate, Alpha-Hydroxyhippuric acid, 4-Carboxyphenylglycine, Leucodopachrome, HMBOA, 2-Carboxy-2,3-dihydro-5,6-dihydroxyindole, Copachrome, Melanin, dopaquinone, 3-Hydroxyhippuric acid, Salicyluric acid, Dopaquinone, Dopaquinone
146	1,2-Epoxy-3-(p-Nitrophenoxy)propane, Salicyluric acid, p-nitrophenyl propionate, Alpha-Hydroxyhippuric acid, 4-Carboxyphenylglycine, Leucodopachrome, HMBOA, 2-Carboxy-2,3-dihydro-5,6-dihydroxyindole, Copachrome, Melanin, dopaquinone, 3-Hydroxyhippuric acid, Salicyluric acid, Dopaquinone, Dopaquinone
257	1,2-Epoxy-3-(p-Nitrophenoxy)propane, Salicyluric acid, p-nitrophenyl propionate, Alpha-Hydroxyhippuric acid, 4-Carboxyphenylglycine, Leucodopachrome, HMBOA, 2-Carboxy-2,3-dihydro-5,6-dihydroxyindole, Copachrome, Melanin, dopaquinone, 3-Hydroxyhippuric acid, Salicyluric acid, Dopaquinone, Dopaquinone
1214	1,2-Epoxy-3-(p-Nitrophenoxy)propane, Salicyluric acid, p-nitrophenyl propionate, Alpha-Hydroxyhippuric acid, 4-Carboxyphenylglycine, Leucodopachrome, HMBOA, 2-Carboxy-2,3-dihydro-5,6-dihydroxyindole, Copachrome, Melanin, dopaquinone, 3-Hydroxyhippuric acid, Salicyluric acid, Dopaquinone, Dopaquinone
235	1,5-Anhydro-D-fructose, D-Fucono-1,4-lactone, 2-Dehydro-3-deoxy-D-fuconate, 3,6-anhydro-L-galactose, L-Fucono-1,5-lactone, 3,6-Anhydrogalactose, 3,6-Anhydroglucose, Ketosteroid, Glucosan, Diethyl pyrocarbonate, conduritol C cis-epoxide, 2-Hydroxyadipic acid, 2(R)-Hydroxyadipic acid, 3-Hydroxymethylglutaric acid, 3-Hydroxyadipic acid, diethylpyrocarbonate, 3-Ethylmalate, 2-Dehydro-3-deoxy-L-rhamnonate, 2-Dehydro-3-deoxy-L-fuconate, L-rhamnono-1,4-lactone, 3-Hydroxy-3-methylglutarate, (R)-3,3-Dimethylmalate, (2R,3S)-2,3-Dimethylmalate, 2-Deoxy-scyllo-inosose, L-rhamno-1,4-lactone, Lichenin, L-Rhamnono-1,4-lactone, 1,5-anhydro-D-fructose, (R)-2-Ethylmalate, 1,4-beta-D-Mannan, 2-Hydroxyadipate, (S)-2-(Hydroxymethyl)glutarate
974	1,5-Anhydro-D-fructose, D-Fucono-1,4-lactone, 2-Dehydro-3-deoxy-D-fuconate, 3,6-anhydro-L-galactose, L-Fucono-1,5-lactone, 3,6-Anhydrogalactose, 3,6-Anhydroglucose, Ketosteroid, Glucosan, Diethyl pyrocarbonate, conduritol C cis-epoxide, 2-Hydroxyadipic acid, 2(R)-Hydroxyadipic acid, 3-Hydroxymethylglutaric acid, 3-Hydroxyadipic acid, diethylpyrocarbonate, 3-Ethylmalate, 2-Dehydro-3-deoxy-L-rhamnonate, 2-Dehydro-3-deoxy-L-fuconate, L-rhamnono-1,4-lactone, 3-Hydroxy-3-methylglutarate, (R)-3,3-Dimethylmalate, (2R,3S)-2,3-Dimethylmalate, 2-Deoxy-scyllo-inosose, L-rhamno-1,4-lactone, Lichenin, L-Rhamnono-1,4-lactone, 1,5-anhydro-D-fructose, (R)-2-Ethylmalate, 1,4-beta-D-Mannan, 2-Hydroxyadipate, (S)-2-(Hydroxymethyl)glutarate
987	10-Oxabenzo[def]chrysen-9-one, S-(Hydroxyphenylacetothiohydroximoyl)-L-cysteine
309	16-oxo-palmitate
1046	17-oxosparteine, lupanine
1455	2-acetamidoglucal, N2-Acetyl-L-aminoadipate
989	2-amino-4-oxo-6-(1',2'-dioxoprolyl)-7,8-dihydroxypteridine
15	2-C-Methyl-D-erythritol 4-phosphate
217	2-chloro-4-fluoromuconate, 2-chloro-5-fluoromuconate, 4-chloro-2-fluoromuconate
401	2-dehydro-3-deoxy-D-glucarate, Oxalosuccinate, 5-dehydro-4-deoxy-D-glucarate, Oxalosuccinic acid
399	2-Dehydro-D-xylonate
496	2-Hydroxy-5-methyl-cis,cis-muconic semialdehyde, 3-Methyl-cis,cis-hexadienedioate, (2S,3S)-2,3-Dihydro-2,3-dihydroxybenzoate, 2-Hydroxy-6-keto-2,4-heptadienoate, 1,6-Dihydroxy-cis-2,4-cyclohexadiene-1-carboxylic acid, 2-isopropylmaleate, 1,6-Dihydroxycyclohexa-2,4-diene-1-carboxylate, 4-Carboxymethyl-3-methylbut-2-en-1,4-olide, 4-Carboxymethyl-4-methylbut-2-en-1,4-olide
905	2-Hydroxy-5-methyl-cis,cis-muconic semialdehyde, 3-Methyl-cis,cis-hexadienedioate, (2S,3S)-2,3-Dihydro-2,3-dihydroxybenzoate, 2-Hydroxy-6-keto-2,4-heptadienoate, 1,6-Dihydroxy-cis-2,4-cyclohexadiene-1-carboxylic acid, 2-isopropylmaleate, 1,6-Dihydroxycyclohexa-2,4-diene-1-carboxylate, 4-Carboxymethyl-3-methylbut-2-en-1,4-olide, 4-Carboxymethyl-4-methylbut-2-en-1,4-olide
675	2-Hydroxyethanesulfonate, 2-Hydroxyethanesulfonate
903	2-hydroxytetradecanoate, 2-hydroxymyristate, 3-hydroxymyristate
204	2-mercaptobenzothiazole, 2-Mercaptobenzothiazole
972	2-Methylerythritol, D-Apiitol
172	2-nitro-1-propanol, L-Serine, D-serine, L-serine, L-Serine, DL-Serine, D-Serine, L-Serine, D-Serine
829	2-Octenoic acid, trans-2-Octenoic acid, Cyclohexyl acetate, Cycloheptanecarboxylic acid, 2-n-Propyl-2-pentenoic acid, 2-n-Propyl-3-pentenoic acid, 2-n-Propyl-4-pentenoic acid
644	2-oxo-3-hexenedioate, 2-hydroxymuconate, 3-hydroxy-cis,cis-muconate, 4-carboxy-2-hydroxypenta-2,4-dienoate, 2,5-Furandicarboxylic acid, 2-oxalocrotonate, 4-oxalocrotonate, 2-maleylacetate, 2-oxo-4-carboxypent-4-enoate
571	2-Oxopentanoic acid, Levulinic acid, Alpha-ketoisovaleric acid, Glutarate semialdehyde, Methylacetoacetic acid, 5-Oxopentanoate, ethylpyruvate, 2-Oxovaleric acid, 2-Methylacetoacetic acid, 3-Methyl-2-oxobutanoic acid, 3-Oxopentanoic acid, 3-ketopentanoate
640	2-Oxopentanoic acid, Levulinic acid, Alpha-ketoisovaleric acid, Glutarate semialdehyde, Methylacetoacetic acid, 5-Oxopentanoate, ethylpyruvate, 2-Oxovaleric acid, 2-Methylacetoacetic acid, 3-Methyl-2-oxobutanoic acid, 3-Oxopentanoic acid, 3-ketopentanoate
659	2-Oxopentanoic acid, Levulinic acid, Alpha-ketoisovaleric acid, Glutarate semialdehyde, Methylacetoacetic acid, 5-Oxopentanoate, ethylpyruvate, 2-Oxovaleric acid, 2-Methylacetoacetic acid, 3-Methyl-2-oxobutanoic acid, 3-Oxopentanoic acid, 3-ketopentanoate
1006	2-oxosuberate
1271	2-Oxosuberate
206	2,2-Bis(4-hydroxyphenyl)hexafluoropropane
604	2,2',3-Trihydroxybiphenyl, 2,2',3-trihydroxybiphenyl
849	2,3-Dihydroxy-3-methylpentanoate, (R)-2,3-Dihydroxy-3-methylpentanoate, Abequose, L-digitoxose, L-olivose, D-olivose, (R) 2,3-Dihydroxy-3-methylvalerate, Mevalonic acid, 3,6-Dideoxy-L-galactose, paratose, ascarylose, tyvelose, abequose, L-colitose, (R)-Mevalonate, (R)-Pantoate, (S)-Mevalonate
484	2D-5-O-Methyl-2,3,5/4,6-pentahydroxycyclohexanone, 5-epi-valiolone, 2-epi-5-epi-valiolone, myo-inosose-1, sedoheptulose anhydride, Quinate, Valiolone, Quinic acid
510	3-(2,3-Dihydroxyphenyl)propanoate, 3-methoxy-4-hydroxyphenylglycolaldehyde, 3,4-Dihydroxyhydrocinnamic acid, Hydroxyphenyllactic acid, 3-(3-hydroxyphenyl)-3-hydroxypropanoic acid, Homovanillic acid, ubiquinone-0, Isohomovanillic acid, (R)-3-(4-Hydroxyphenyl)lactate, 3-Methoxy-4-hydroxyphenylglycolaldehyde, 3-(4-Hydroxyphenyl)lactate, phosphoryl-choline, Homovanillate, 3-Methoxy-4-hydroxyphenylglycolaldehyde, 2',6'-Dihydroxy-4'-methoxyacetophenone, 3,4-Dihydroxyphenylpropanoate, cis-3-(3-Carboxyethenyl)-3,5-cyclohexadiene-1,2-diol
859	3-deoxy-D-galactose, L-rhamnitol
1202	3-Furoic acid, 2-Furoic acid, 2-Furoate, ADP-aldose, itaconic anhydride
227	3-Hydroxy-2-methyl-[S-(R,R)]-butanoic acid, 2-Hydroxy-3-methylbutyric acid, 3-Hydroxyvaleric acid, Erythronilic acid, 3-Hydroxyisovaleric acid, 2-Ethylhydracrylic acid, 3-Hydroxy-2-methyl-[R-(R,S)]-butanoic acid, 2-Methyl-3-hydroxybutyric acid, 4-Hydroxyisovaleric acid, 2-Hydroxyvaleric acid, 2-Hydroxy-2-methylbutyric acid, 5-Hydroxypentanoate
919	3-hydroxy-L-proline, 2-amino-4-oxo-pentoate, glutamate-1-semialdehyde, Hydroxyproline, N-Acetyl-L-alanine, Propionylglycine, cis-4-hydroxy-D-proline, L-glutamate &gamma;-semialdehyde, 3-Hydroxy-L-proline, L-Glutamic-gamma-semialdehyde, 2-keto-ornithine, cis-4-Hydroxy-L-proline, cis-4-Hydroxy-D-proline, (S)-4-Amino-5-oxopentanoate, 5-Amino-2-oxopentanoic acid, trans-4-Hydroxy-L-proline, L-Glutamate 5-semialdehyde, Oxidized polyvinyl alcohol, N-Acetyl-beta-alanine, N-Acetylgalactosamine, trans-4-Hydroxy-D-proline, 4-Hydroxy-L-proline, 5-Amino-2-oxopentanoic acid, trans-4-Hydroxy-L-proline, 2-Amino-4-oxopentanoic acid, trans-4-hydroxy-L-proline, 5-amino-levulinate, 4-Hydroxy-L-proline, trans-L-3-Hydroxyproline, 5-Aminolevulinate, 5-Aminolevulinic acid, 5-Aminolevulinate, 2-amino-4-oxopentanoate, trans-L-3-hydroxyproline
313	3-hydroxybenzaldehyde, Salicylaldehyde, methyl-1,4-benzoquinone, salicylaldehyde, Tropolone, 3-Hydroxybenzaldehyde, 4-Hydroxybenzaldehyde, Benzoic acid, 4-Hydroxybenzaldehyde, Benzoate, Aromatic acid, Benzoate, 4-hydroxybenzaldehyde
413	3-Indolepropionic acid, 5-methoxyindoleacetaldehyde, Phensuximide, methyl indole-3-acetate, Backebergine, 1,3-Dimethyl-6,8-isoquinolinediol
936	3-Isopropylbut-3-enoic acid, Ethyl 2-methylbut-2-enoate, beta-EMGBL, alpha-EMGBL, Butyl acrylate, 1-Oxa-2-oxo-3-methylcycloheptane, Cyclohexane-1-carboxylate, 2,3-heptanedione
698	3-ketoacid
1287	3-Oxododecanoic acid, 3-Oxododecanoic acid
28	3-Oxohexanoic acid, (3R)-3-Methyl-2-oxopentanoic acid, Adipate semialdehyde, 2-Methyl-3-ketovaleric acid, 3-Methyl-2-oxovaleric acid, Ketoleucine, 6-hydroxyhexan-6-olide, Fc fragment of human IgA, Ethyl 3-oxobutanoate, 3-Methyl-2-oxopentanoate, beta-Ketoisocaproate, (R)-Pantolactone, 6-Hydroxyhexan-6-olide, Mevalonolactone, ethyl-acetoacetate, 2-Ketohexanoic acid, 2-Oxohexanoic acid, 1-Oxa-2-oxo-3-hydroxycycloheptane, (S)-3-Methyl-2-oxopentanoic acid, 2-Hydroxyethyl methacrylate, 4-Methyl-2-oxopentanoate, propionic anhydride, 5-Oxohexanoic acid, 3-Oxohexanoic acid, (R)-pantolactone
793	3-Oxohexanoic acid, (3R)-3-Methyl-2-oxopentanoic acid, Adipate semialdehyde, 2-Methyl-3-ketovaleric acid, 3-Methyl-2-oxovaleric acid, Ketoleucine, 6-hydroxyhexan-6-olide, Fc fragment of human IgA, Ethyl 3-oxobutanoate, 3-Methyl-2-oxopentanoate, beta-Ketoisocaproate, (R)-Pantolactone, 6-Hydroxyhexan-6-olide, Mevalonolactone, ethyl-acetoacetate, 2-Ketohexanoic acid, 2-Oxohexanoic acid, 1-Oxa-2-oxo-3-hydroxycycloheptane, (S)-3-Methyl-2-oxopentanoic acid, 2-Hydroxyethyl methacrylate, 4-Methyl-2-oxopentanoate, propionic anhydride, 5-Oxohexanoic acid, 3-Oxohexanoic acid, (R)-pantolactone
92	3-Oxooctadecanoic acid, (9Z)-(12S)-Hydroxyoctadecenoic acid, (6R,7S)-6,7-Epoxyoctadecanoic acid, 2-Oxooctadecanoic acid, Triton
1244	3-Oxooctanoic acid, trans-4-Hydroxycyclohexylacetic acid, cis-4-Hydroxycyclohexylacetic acid, ethyl-3-oxohexanoate, Ethyl 3-oxohexanoate, 3-Oxovalproic acid, 2-n-Propyl-4-oxopentanoic acid
683	3-Oxotetradecanoic acid
5	3-Succinoylpyridine, 2,5,6-Trihydroxy-5,6-dihydroquinoline, N-Acetylanthranilate, Hippuric acid, 2,5,6-trihydroxy-5,6-dihydroquinoline, Human IgA, Hippurate
9	3-Succinoylpyridine, 2,5,6-Trihydroxy-5,6-dihydroquinoline, N-Acetylanthranilate, Hippuric acid, 2,5,6-trihydroxy-5,6-dihydroquinoline, Human IgA, Hippurate
98	3-Succinoylpyridine, 2,5,6-Trihydroxy-5,6-dihydroquinoline, N-Acetylanthranilate, Hippuric acid, 2,5,6-trihydroxy-5,6-dihydroquinoline, Human IgA, Hippurate
233	3-Succinoylpyridine, 2,5,6-Trihydroxy-5,6-dihydroquinoline, N-Acetylanthranilate, Hippuric acid, 2,5,6-trihydroxy-5,6-dihydroquinoline, Human IgA, Hippurate
1398	3,4-dehydroproline, (S)-1-Pyrroline-5-carboxylate, 1-Pyrroline-2-carboxylate, 2''-Nucleotidylgentamicin, 1-Pyrroline-2-carboxylic acid, Glutarimide, 1-Pyrroline-5-carboxylic acid, glutarimide, 3,4-Dihydro-2H-Pyrrole-2-carboxylate
383	3,4-Dihydroxyphenylacetaldehyde, isovanillin, 3-Hydroxyphenylacetic acid, Ortho-Hydroxyphenylacetic acid, Mandelic acid, p-Hydroxyphenylacetic acid, Vanillin, 4-Hydroxy-3-methylbenzoic acid, 4-Hydroxyphenyl acetate, 4-Hydroxyphenacyl alcohol, 3-Cresotinic acid, (R)-Mandelate, (S)-Mandelate, 11-Oxosteroid, vanillin, methylsalicylate, 2',4'-Dihydroxyacetophenone, Menisdaurilide, 3-Hydroxyphenylacetate, 2-Hydroxyphenylacetate, 3-Hydroxyphenylacetate, 3',4'-Dihydroxyacetophenone, 2-(Hydroxymethyl)benzoic acid, 4-Hydroxy-3-methoxy-benzaldehyde, Methyl salicylate, 3,4-Dihydroxyphenylacetaldehyde, 4-Hydroxyphenylacetate, p-Anisic acid, 2',4'-dihydroxyacetophenone, 3-Methoxytropolone, 6-Methylsalicylate, Resorcinol monoacetate, 4-Methoxybenzoate, Phenoxyacetate, 4-Hydroxymethylsalicylaldehyde, 4-Methylsalicylate, 3-Methylsalicylate, 3,4-dihydroxyphenylacetaldehyde
985	3,4-Dihydroxyphenylacetaldehyde, isovanillin, 3-Hydroxyphenylacetic acid, Ortho-Hydroxyphenylacetic acid, Mandelic acid, p-Hydroxyphenylacetic acid, Vanillin, 4-Hydroxy-3-methylbenzoic acid, 4-Hydroxyphenyl acetate, 4-Hydroxyphenacyl alcohol, 3-Cresotinic acid, (R)-Mandelate, (S)-Mandelate, 11-Oxosteroid, vanillin, methylsalicylate, 2',4'-Dihydroxyacetophenone, Menisdaurilide, 3-Hydroxyphenylacetate, 2-Hydroxyphenylacetate, 3-Hydroxyphenylacetate, 3',4'-Dihydroxyacetophenone, 2-(Hydroxymethyl)benzoic acid, 4-Hydroxy-3-methoxy-benzaldehyde, Methyl salicylate, 3,4-Dihydroxyphenylacetaldehyde, 4-Hydroxyphenylacetate, p-Anisic acid, 2',4'-dihydroxyacetophenone, 3-Methoxytropolone, 6-Methylsalicylate, Resorcinol monoacetate, 4-Methoxybenzoate, Phenoxyacetate, 4-Hydroxymethylsalicylaldehyde, 4-Methylsalicylate, 3-Methylsalicylate, 3,4-dihydroxyphenylacetaldehyde
1313	3,4-Dihydroxystyrene, 3-methoxybenzaldehyde, Phenylacetic acid, Toluate, Phenyl acetate, 4-Hydroxyphenylacetaldehyde, methylbenzoate, Lignin, Benzylformate, 3-Vinylcatechol, Phenylacetic acid, 4'-Hydroxyacetophenone, 4-hydroxyaceto-phenone, m-Methylbenzoate, o-Toluate, Transferred to D00401, Transferred to D00402, 2-Hydroxyacetophenone, p-Anisaldehyde, (4-hydroxyphenyl)acetaldehyde, benzylformate, Phenyl acetate, 3-Methylsalicylaldehyde
264	3,5-tetradecadienoate
717	3b,16a-Dihydroxyandrostenone sulfate
1321	4-(4-Deoxy-alpha-D-gluc-4-enuronosyl)-D-galacturonate, 4-(4-Deoxy-beta-D-gluc-4-enuronosyl)-D-galacturonate
1230	4-aminobenzene-1,2-diol, 3-hydroxyaminophenol, N-ethylmaleimide, Aminohydroquinone, 3-Hydroxyaminophenol, N-Furfurylformamide, N-Ethylmaleimide, aminohydroquinone, 3,6-Dihydronicotinic acid
66	4-deoxy-D-glucarate, Citric acid, Isocitric acid, 2-Dehydro-3-deoxy-D-glucarate, Carboxymethyloxysuccinate, 2,3-Diketo-L-gulonate, D-threo-Isocitric acid, (1R,2S)-1-Hydroxypropane-1,2,3-tricarboxylate, Isocitrate, 5-Dehydro-4-deoxy-D-glucarate, citrate, Diketogulonic acid, 2,5-Didehydro-D-gluconate, Citrate, (1S,2S)-1-Hydroxypropane-1,2,3-tricarboxylate, (4R,5S)-4,5,6-Trihydroxy-2,3-dioxohexanoate
390	4-deoxy-D-glucarate, Citric acid, Isocitric acid, 2-Dehydro-3-deoxy-D-glucarate, Carboxymethyloxysuccinate, 2,3-Diketo-L-gulonate, D-threo-Isocitric acid, (1R,2S)-1-Hydroxypropane-1,2,3-tricarboxylate, Isocitrate, 5-Dehydro-4-deoxy-D-glucarate, citrate, Diketogulonic acid, 2,5-Didehydro-D-gluconate, Citrate, (1S,2S)-1-Hydroxypropane-1,2,3-tricarboxylate, (4R,5S)-4,5,6-Trihydroxy-2,3-dioxohexanoate
424	4-deoxy-D-glucarate, Citric acid, Isocitric acid, 2-Dehydro-3-deoxy-D-glucarate, Carboxymethyloxysuccinate, 2,3-Diketo-L-gulonate, D-threo-Isocitric acid, (1R,2S)-1-Hydroxypropane-1,2,3-tricarboxylate, Isocitrate, 5-Dehydro-4-deoxy-D-glucarate, citrate, Diketogulonic acid, 2,5-Didehydro-D-gluconate, Citrate, (1S,2S)-1-Hydroxypropane-1,2,3-tricarboxylate, (4R,5S)-4,5,6-Trihydroxy-2,3-dioxohexanoate
532	4-deoxy-D-glucarate, Citric acid, Isocitric acid, 2-Dehydro-3-deoxy-D-glucarate, Carboxymethyloxysuccinate, 2,3-Diketo-L-gulonate, D-threo-Isocitric acid, (1R,2S)-1-Hydroxypropane-1,2,3-tricarboxylate, Isocitrate, 5-Dehydro-4-deoxy-D-glucarate, citrate, Diketogulonic acid, 2,5-Didehydro-D-gluconate, Citrate, (1S,2S)-1-Hydroxypropane-1,2,3-tricarboxylate, (4R,5S)-4,5,6-Trihydroxy-2,3-dioxohexanoate
619	4-deoxy-D-glucarate, Citric acid, Isocitric acid, 2-Dehydro-3-deoxy-D-glucarate, Carboxymethyloxysuccinate, 2,3-Diketo-L-gulonate, D-threo-Isocitric acid, (1R,2S)-1-Hydroxypropane-1,2,3-tricarboxylate, Isocitrate, 5-Dehydro-4-deoxy-D-glucarate, citrate, Diketogulonic acid, 2,5-Didehydro-D-gluconate, Citrate, (1S,2S)-1-Hydroxypropane-1,2,3-tricarboxylate, (4R,5S)-4,5,6-Trihydroxy-2,3-dioxohexanoate
1389	4-hydroperoxyoctadeca-t-2-nonenal, 9-Oxononanoic acid
536	4-Hydroxy-4-methyl-2-oxoadipate, 2,4-Dihydroxyhept-2-enedioate, 4-Hydroxy-2-oxo-heptanedioate, 3-Dehydroquinate
1	4-Hydroxybenzoic acid, 3-Hydroxybenzoic acid, Gentisate aldehyde, Gentisate aldehyde, protocatechualdehyde, Salicylic acid, Sesamol, Salicylate, 3-Hydroxybenzoate, 4-Hydroxybenzoate, 3,4-Dihydroxybenzaldehyde
45	4-Hydroxybenzoic acid, 3-Hydroxybenzoic acid, Gentisate aldehyde, Gentisate aldehyde, protocatechualdehyde, Salicylic acid, Sesamol, Salicylate, 3-Hydroxybenzoate, 4-Hydroxybenzoate, 3,4-Dihydroxybenzaldehyde
188	4-Hydroxybenzoic acid, 3-Hydroxybenzoic acid, Gentisate aldehyde, Gentisate aldehyde, protocatechualdehyde, Salicylic acid, Sesamol, Salicylate, 3-Hydroxybenzoate, 4-Hydroxybenzoate, 3,4-Dihydroxybenzaldehyde
1210	4-Hydroxycyclohexylcarboxylic acid, trans-4-Hydroxycyclohexanecarboxylate, ethyl-2-methylacetoacetate, 7-Oxoheptanoic acid
574	4-Hydroxyphenylpyruvic acid, Aspirin, Azocoll, Monomethyl phthalate, Caffeate, Caffeate, 3-(4-Hydroxyphenyl)pyruvate, 2-Hydroxy-3-(4-hydroxyphenyl)propenoic acid, Phenylamide sulfate, 2-Hydroxy-3-(4-hydroxyphenyl)propenoate, 3-Hydroxyphenylpyruvic acid, Aspirin, Caffeic acid, 3,4-Dihydroxy-trans-cinnamate, trans-2,3-Dihydroxycinnamate, 3-(4-Hydroxyphenyl)pyruvate
738	4-Methyl-L-glutamate, Aminoadipic acid, D-alanyl-D-lactate, O-Acetyl-L-homoserine, N-Methyl-L-glutamate, Alanopine, 3-Amino-2,3-dideoxy-scyllo-inosose, L-Glutamate methylester, &alpha;-methyl-glutamate, L-2-Aminoadipate, L-2-Aminoadipate, O-acetyl-L-homoserine, beta-Alanopine
1158	4-nitroaniline, Nicotinamide N-oxide, Urocanic acid, nicotinamide N-oxide, Urocanate, 4-Nitroaniline
1170	4-nitroaniline, Nicotinamide N-oxide, Urocanic acid, nicotinamide N-oxide, Urocanate, 4-Nitroaniline
803	4-O-methyl-DIBOA-Glc, cyclo-Dopa 5-O-glucoside
18	4-Sulfobenzyl alcohol
42	4-Sulfobenzyl alcohol
69	4-Sulfobenzyl alcohol
148	4-Sulfocatechol, 3-Sulfocatechol
375	4-Sulfocatechol, 3-Sulfocatechol
1281	4,5-Dihydro-5,5-dimethyl-4-(3-oxobutyl)furan-2(3H)-one, (3R)-3-Isopropenyl-6-oxoheptanoate, (3S)-3-Isopropenyl-6-oxoheptanoate, (3R,6R)-3-isopropenyl-4-hydroxy-hexano-6-lactone, (3S,6S)-3-isopropenyl-4-hydroxy-hexano-6-lactone, 5-exo-Hydroxy-1,2-campholide, 1,6,6-trimethyl-2,7-dioxobicyclo-(3,2,2)nonan-3-one, 4,5-dihydro-5,5-dimethyl-4-(3-oxobutyl)furan-2(3H)-one, 1,6,6-Trimethyl-2,7-dioxabicyclo[3.2.2]nonan-3-one
834	4&alpha;-hydroxymethyl-4&beta;-methyl-5&alpha;-cholesta-8-en-3&beta;-ol, (22&alpha;)-hydroxy-sitosterol, Alpha-Tocopherol, &alpha;-tocopherol, (24R,24'R)-Fucosterol epoxide, 4beta-Hydroxymethyl-4alpha-methyl-5alpha-cholest-7-en-3beta-ol, alpha-Tocopherol, 4&beta;-hydroxymethyl-4&alpha;-methyl-5&alpha;-cholest-7-en-3&beta;-ol
709	4E,15Z-Bilirubin IXa, Bilirubin, 15,16-Dihydrobiliverdin, (3Z)-Phytochromobilin, Bilirubin
465	5-Acetylamino-6-amino-3-methyluracil, 5-Acetylamino-6-amino-3-methyluracil
691	5-Acetylamino-6-amino-3-methyluracil, 5-Acetylamino-6-amino-3-methyluracil
646	5-Acetylamino-6-formylamino-3-methyluracil, 5-Acetylamino-6-formylamino-3-methyluracil
16	5-Dehydro-4-deoxy-D-glucuronate, 2-keto-L-Gulonolactone, Parapyruvate, D-Galacturonolactone, 2-Dehydro-D-glucono-1,5-lactone, Ascorbic acid, ascorbate, D-Glucurono-6,3-lactone, D-Glucurono-6,2-lactone, L-xylo-Hexulonolactone, 2-Hydroxy-3-oxoadipate, D-glucuronolactone, L-xylo-hexulonolactone, D-Glucuronolactone, D-Glucuronolactone, Ascorbate, D-Glucurono-6,2-lactone, (4S,5S)-4,5-Dihydroxy-2,6-dioxohexanoate, 3-alpha-D-Galactosyl-[lipopolysaccharide glucose], (4S)-4,6-Dihydroxy-2,5-dioxohexanoate
1151	5-Hydroxymethyl-4-methyluracil, Imidazolelactic acid, (S)-3-(Imidazol-5-yl)lactate, 4-Imidazolone-5-propanoate, Imidazole lactate, 4-Imidazolone-5-propionic acid
1237	5-Pyridoxolactone, Formylanthranilic acid, 3,4-Dihydroxymandelonitrile, 5-Pyridoxolactone, HBOA, HBOA, Formylanthranilate, 5-pyridoxolactone, 4-Pyridoxolactone, 4-pyridoxolactone, 4-Nitroacetophenone, 4-Pyridoxolactone
252	5-Sulfosalicylate, 5-Sulfosalicylic acid
747	5-Sulfosalicylate, 5-Sulfosalicylic acid
924	5,6-Dihydrouridine, L-alpha-Aspartyl-L-hydroxyproline
930	5,6-dihydroxyindole, 3-Hydroxyindolin-2-one, 5,6-Dihydroxyindole, 2-Formylaminobenzaldehyde, (S)-4-Hydroxymandelonitrile, benzoxazin-3-one, 3-hydroxyindolin-2-one, 5,6-Dihydroxyindole, Gentianadine, 4-Hydroxymandelonitrile, 2,3-dihydroxyindole, 2-formylaminobenzaldehyde, (S)-4-hydroxymandelonitrile, 2,3-Dihydroxyindole
1049	5b-Cholestane-3a,7a,12a,25-tetrol, 5a-Cholestane-3a,7a,12a,25-tetrol, Cholestane-3,7,12,25-tetrol, (25R)-5&beta;-cholestane-3&alpha;,7&alpha;,12&alpha;,26-tetraol, 3alpha,7alpha,12alpha,26-Tetrahydroxy-5beta-cholestane, 5b-Cholestane-3a,7a,12a,23-Tetrol, 27-Deoxy-5b-cyprinol
1054	6-methoxymellein, (R)-2-Benzylsuccinate, Sinapoyl aldehyde, Benzylsuccinate, sinapaldehyde, 6-Methoxymellein
1437	6-O-(&beta;-D-xylopyranosyl)-&beta;-D-glucopyranose
764	7-oxatyphasterol, 7-oxateasterone, Trihydroxycoprostanoic acid, Castasterone, 7-Oxateasterone, 7-Oxatyphasterol, 3,7,12-trihydroxycoprostanate, castasterone
767	7,10-Hexadecadienoic acid, 7Z,10Z-Hexadecadienoic acid, Hydnocarpic acid
1173	8-keto-7-aminoperlagonate, Pseudoecgonine, Ecgonine, 4-(1-methyl-2-pyrrolidinyl)-3-oxobutanoate, Ecgonine, Otonecine, Pseudoecgonine
735	Abietate, dehydroabietadiene-diol, (5Z,8Z,11Z,14Z,17Z)-Icosapentaenoic acid, Kaur-16-en-18-oic acid, Neoabietic acid, L-Pimaric acid, 17beta-Hydroxy-4-methylandrost-4-en-3-one, 17beta-Hydroxy-17-methyl-5alpha-androst-9(11)-en-3-one, 17beta-Hydroxy-1,17-dimethylestr-5(10)-en-3-one, 17beta-Hydroxy-6alpha-methylandrost-4-en-3-one, 19-Nor-5alpha-pregnane-3,20-dione, 17-Hydroxy-19-nor-17alpha-pregn-5(10)-en-3-one, 1,2,3,4,4a,9,10,10a-Octahydro-6-hydroxy-7-isopropyl-1,4a-dimethyl-1-, 17beta-Hydroxy-5alpha-androst-2-ene-2-carboxaldehyde, 2alpha-Methyl-5alpha-androstane-3,17-dione, 17abeta-Hydroxy-D-homoandrost-4-en-3-one, 17beta-Hydroxy-2alpha,17-dimethylestr-4-en-3-one, oryzalexin A, Eicosapentaenoic acid, Methyltestosterone, Isopimaric acid, Oryzalexin A, (+)-Pimaric acid, Retinyl ester, (5Z,7E,9E,14Z,17Z)-Eicosapentaenoic acid, Palustric acid, 17beta-Hydroxy-7alpha-methylandrost-4-en-3-one, 17beta-Hydroxy-6beta-methylandrost-4-en-3-one, Mibolerone, Stenbolone
1266	Abscisate, (-)-Abscisic acid, epoxypseudoisoeugenol-2-methylbutyrate, Hirsutic acid C, Illudin S, Phomenone, Plenolin, Pleniradin, Salonitenolide, Ridentin, Vermeerin, Vulgarin, Ascosalitoxin, Amaralin, Granilin, Hymenolin, Ludovicin A, Florilenalin, Geigerin, Michelenolide, Chamissonin, Coronopilin, Artemisiifolin, Baileyin
131	Acetaminophen glucuronide
54	Acetaminophen, 5-deoxypyridoxal, Dopamine quinone, 2-Phenylglycine, (E)-4-hydroxyphenylacetaldehyde oxime, D-phenylglycine, N-Methyl-4-aminobenzoate, 2-Descarboxy-cyclo-dopa, Dopamine quinone, N-Methylanthranilate, 2-Phenylglycine, cis-indole-2,3-dihydrodiol, Acetaminophen, R-mandelamide, (R)-Mandelamide, (Z)-4-hydroxyphenylacetaldehyde oxime, N-(Acetyloxy)benzenamine, acetaminophen, (E)-4-Hydroxyphenylacetaldehyde-oxime, (Z)-4-Hydroxyphenylacetaldehyde-oxime, 2-Amino-3-methylbenzoate
118	Adenine, adenine-ring, Adenine, adenine, Adenine
469	adenosine, Adenosine, Deoxyguanosine, 9-riburonosyladenine, deoxyguanosine, Zidovudine, Deoxyguanosine, Adenosine, Adenosine
562	Alliin, S-[(E)-Prop-1-enyl]-L-cysteine S-oxide, N-Formyl-L-methionine, isoalliin, alliin, N-Formyl-L-methionine
140	Allopurinol riboside, Inosine, inosine, Inosine, Inosine, Arabinosylhypoxanthine
1263	alpha-D-Glutamyl phosphate, L-Glutamyl 1-phosphate, L-Glutamyl 5-phosphate, L-Glutamic acid 5-phosphate
1434	alpha-D-Glutamyl phosphate, L-Glutamyl 1-phosphate, L-Glutamyl 5-phosphate, L-Glutamic acid 5-phosphate
135	alpha-N-Phenylacetyl-L-glutamine, Acetyl-N-formyl-5-methoxykynurenamine, Alpha-N-Phenylacetyl-L-glutamine, Formyl-N-acetyl-5-methoxykynurenamine, N1-acetyl-N2-formyl-5-methoxykynuramine, Phenylacetylglutamine
295	alpha-N-Phenylacetyl-L-glutamine, Acetyl-N-formyl-5-methoxykynurenamine, Alpha-N-Phenylacetyl-L-glutamine, Formyl-N-acetyl-5-methoxykynurenamine, N1-acetyl-N2-formyl-5-methoxykynuramine, Phenylacetylglutamine
408	Amaryllisine, Lycorenine, LY382884, Pitrazepin, 2-Nitroestra-1,3,5(10)-triene-3,17beta-diol, Haplophyllidine, 4-Nitroestra-1,3,5(10)-triene-3,17beta-diol, Papyramine
108	AMCC
365	Androsterone sulfate, 5a-Dihydrotestosterone sulfate
183	Anibine, Indolepyruvate
865	Ascorbate 2-sulfate, Bacterial cell wall
741	Aspartylglycosamine, N4-(&beta;-N-acetyl-D-glucosaminyl)-L-asparagine, diaminobutyryl-citryl-ethanolamine, steroid O sulfate, N4-(Acetyl-beta-D-glucosaminyl)asparagine
1090	Barringtogenol C, Alisol A, Meliantriol
569	beta-D-Sedoheptulopyranose, alpha-D-Mannoheptulopyranose, D-glycero-&alpha;-D-manno-heptose, D-sedoheptulose, Sedoheptulose, Sedoheptulose
213	Biopterin, Biopterin, D-Biopterin, Orinapterin, Sepiapterin, Primapterin, Biopterin, N-Glycolyl-D-mannosamine, N-Acetyl-D-glucosaminate, 6-Pyruvoyltetrahydropterin, N-Glycolyl-D-glucosamine, fructoseglycine, biopterin, Sepiapterin, Dyspropterin
1257	Bromisovalum, Transferred to D01392, 4,4'-Dichlorobiphenyl, 2,4'-Dichlorobiphenyl, 3,5-Dichlorobiphenyl, 2,6-Dichlorobiphenyl, 2,5-Dichlorobiphenyl
1115	Bryodulcosigenin, Sapelin A, Soyasapogenol A
75	But-2-enoic acid, Cyclopropanecarboxylate, Gamma-Butyrolactone, 1,4-Lactone, 2-Butenoate, Oxolan-3-one, Diacetyl, diacetyl, Diacetyl, 2-butyne-1,4-diol, Succinic aldehyde, 2-Butyne-1,4-diol
139	Capric acid, p-menthane-3,8-diol, Decanoic acid, p-Menthane-3,8-diol, Isoamyl isovalerate, Ethyl octanoate
1359	Capric acid, p-menthane-3,8-diol, Decanoic acid, p-Menthane-3,8-diol, Isoamyl isovalerate, Ethyl octanoate
210	Caproic acid, Isocaproic acid, Hexanoic acid, trans-1,2-Cyclohexanediol, Butyl acetate, cis-1,2-Cyclohexanediol, 4-Hydroxyhexan-3-one, Isoamyl formate, 4-hydroxyhexan-3-one, trans-cyclohexane-1,2-diol
1108	Capryloylglycine
1432	Capsidiol, lubimin, capsidiol, latia-luciferin, Kikkanol B, Curdione, Helminthosporol, Hernandulcin, Lubimin, Sirenin, Capsidiol, Latia luciferin, Cyperolone, Farnesoic acid
34	Carinatine, Scopolamine, Cocaine, cocaine, Scopolamine, scopolamine, 11alpha-Hydroxygalanthamine
1078	Ceramide (d18:1/24:1(15Z))
605	Chaparrinone, Niveusin C, Eupahyssopin, Cnicin
327	Chenodeoxycholic acid glycine conjugate, Deoxycholic acid glycine conjugate, Glycoursodeoxycholic acid, Chenodeoxyglycocholic acid, Glycodeoxycholate, Glycochenodeoxycholate, 3alpha,12alpha-Dihydroxy-5beta-cholan-24-oylglycine
96	Chitodextrin, Aryl sulfate, p-Phenolsulfonic acid, Transferred to D01405, Transferred to D01406, Transferred to D01404, Phenylsulfate
126	Chitodextrin, Aryl sulfate, p-Phenolsulfonic acid, Transferred to D01405, Transferred to D01406, Transferred to D01404, Phenylsulfate
570	Chlorate, chlorate
572	Cholesterol sulfate, Cholesterol sulfate
1383	cis-2,3-Dihydroxy-2,3-dihydro-p-cumate, Guaifenesin, &beta;-isopropenyl-pimelate, Paeonilactone A, 1,2-Dihydroxymint lactone, 1-(3,4-dimethoxylphenyl)ethane-1,2-diol, 1-(3,4-Dimethoxyphenyl)ethane-1,2-diol
1076	cis,trans-4-Hydroxymuconic semialdehyde, 2,5-Dihydro-5-oxofuran-2-acetate, trans-trans-Muconic acid, Sumiki's acid, 2-Oxo-2,3-dihydrofuran-5-acetate, 1,2,3,5-Tetrahydroxybenzene, cis,trans-Hexadienedioate, cis,cis-Muconic acid, dimethylmaleate, (R)-3-methylitaconate, 2-methyleneglutarate, 2-Hydroxymuconate semialdehyde, (S)-5-Oxo-2,5-dihydrofuran-2-acetate, Kojic acid, 1,2,3,5-tetrahydroxybenzene, cis,cis-Muconate
316	Citrulline, L-citrulline, L-Citrulline, L-Citrulline, Argininic acid
1452	coniferyl alcohol, U 0521, 3-Methoxybenzenepropanoic acid, Coniferyl alcohol, dihydroconiferyl aldehyde
1294	Convallamarogenin, Hecogenin, Ruscogenin, 7 alpha-Hydroxy-3-oxo-4-cholestenoate, (20S,22S,25S)-22,25-epoxyfurost-5-ene-3-&beta;,26-diol, Cryptogenin, 7alpha-Hydroxy-3-oxo-4-cholestenoate, MG(24:6(6Z,9Z,12Z,15Z,18Z,21Z)/0:0/0:0), MG(0:0/24:6(6Z,9Z,12Z,15Z,18Z,21Z)/0:0), (20S,22S,25S)-22,25-Epoxyfurost-5-ene-3beta,26-diol, 2,22-Dideoxy-3-dehydroecdysone
406	Creatine, 3-Guanidinopropanoate, Creatine, creatine, 3-guanidinopropanoate
124	Creatinine, Creatinine, Creatinine, creatinine
1248	Crotonoside, Guanosine, 8-oxo-deoxyguanosine, guanosine, adenosine-N1-oxide, adenosine-N-oxide, Guanosine, Guanosine, 8-Hydroxy-deoxyguanosine
432	D-cystine, L-Cystine, L-Cystine, Cystine, L-Cystine, L-Cystine, L-cystine
743	D-erythrulose, D-Threose, L-erythrulose, 4-Deoxyerythronic acid, A,b-Dihydroxyisobutyric acid, Erythrose, D-erythrose, (S)-3,4-Dihydroxybutyric acid, 2,4-Dihydroxybutanoic acid, D-Erythrose, 4-Deoxythreonic acid, L-Erythrulose, D-Erythrose, threose, D-Threose, L-Erythrulose, D-Erythrulose
161	D-Glucuronic acid, L-Iduronic acid, 2-Keto-D-gluconic acid, L-Guluronic acid, Galacturonic acid, beta-D-Glucopyranuronic acid, Iduronic acid, D-Glucuronic acid, Galacturonic acid, 2-Dehydro-L-idonate, 5-Dehydro-D-gluconate, 3-Dehydro-L-gulonate, D-Galacturonate, 2-Dehydro-D-galactonate, 5-Keto-D-gluconate, 2-Keto-L-gluconate, D-Fructuronate, D-Galacturonate, 3-Dehydro-L-gulonate, D-Tagaturonate, Pectic acid, Pectin, D-Glucuronate, D-Mannuronate
160	D-mannitol, D-sorbitol, Mannitol, Galactitol, Sorbitol, L-Glucitol, Lactenocin, Galactitol, L-sorbitol, D-altritol, L-Iditol, D-Iditol, L-Iditol, D-Sorbitol, Fibrinogen, Mannitol, D-Iditol, L-iditol, D-galactitol
86	D-psicose, scyllo-Inositol, muco-Inositol, &beta;-D-glucose, D-Gulose, D-Idose, D-Altrose, D-Talose, D-Psicose, beta-D-Hamamelopyranose, alpha-L-Sorbopyranose, Beta-D-Glucose, D-Fructose, allo-inositol, cis-inositol, epi-inositol, 1L-chiro-inositol, muco-inositol, neo-inositol, 1D-chiro-inositol, scyllo-inositol, 2-keto-3-deoxy-L-mannonate, D-tagatose, D-Mannose, D-Galactose, D-Glucose, Myoinositol, L-Gulose, 3-Deoxyarabinohexonic acid, L-Fructose, L-Fuconate, Aldohexose, D-Fuconate, L-Rhamnonate, L-Galactose, &beta;-D-mannose, D-Hamamelose, L-Gulose, D-Fructose, Ketose, D-talose, Galactose, Sorbose, D-Allose, D-glucose, D-altrose, L-galactose, L-sorbose, D-sorbose, L-gulose, Scyllitol, &alpha;-D-galactose, &alpha;-D-glucose, Fructose(pyranose), Glycolipid, D-Fructose, &alpha;-D-fructofuranose, &beta;-D-fructopyranose, &alpha;-L-fructopyranose, &alpha;-D-fructopyranose, &alpha;-L-fructofuranose, &beta;-L-fructofuranose, alpha-D-Mannose, D-Tagatose, D-Hexose, D-Aldose, D-Sorbose, beta-D-Galactose, alpha-D-Galactose, L-glucose, Allose, D-allose, D-idose, L-Sorbose, D-Glucose, D-Fructose, beta-D-Glucose, Alpha-D-Glucose, L-Sorbose, alpha-D-Glucose, &alpha;-L-mannose, &beta;-L-mannose, Beta-D-Galactose, D-Tagatose, myo-inositol, &beta;-D-fructofuranose, 2-Deoxy-D-gluconate, D-Galactose, D-gulopyranose, Oxidized ferredoxin, Reduced ferredoxin, myo-Inositol, D-Mannose, beta-D-Mannose, beta-Endorphin, D-hamamelose, &beta;-D-galactose, beta-D-Fructose
228	D-psicose, scyllo-Inositol, muco-Inositol, &beta;-D-glucose, D-Gulose, D-Idose, D-Altrose, D-Talose, D-Psicose, beta-D-Hamamelopyranose, alpha-L-Sorbopyranose, Beta-D-Glucose, D-Fructose, allo-inositol, cis-inositol, epi-inositol, 1L-chiro-inositol, muco-inositol, neo-inositol, 1D-chiro-inositol, scyllo-inositol, 2-keto-3-deoxy-L-mannonate, D-tagatose, D-Mannose, D-Galactose, D-Glucose, Myoinositol, L-Gulose, 3-Deoxyarabinohexonic acid, L-Fructose, L-Fuconate, Aldohexose, D-Fuconate, L-Rhamnonate, L-Galactose, &beta;-D-mannose, D-Hamamelose, L-Gulose, D-Fructose, Ketose, D-talose, Galactose, Sorbose, D-Allose, D-glucose, D-altrose, L-galactose, L-sorbose, D-sorbose, L-gulose, Scyllitol, &alpha;-D-galactose, &alpha;-D-glucose, Fructose(pyranose), Glycolipid, D-Fructose, &alpha;-D-fructofuranose, &beta;-D-fructopyranose, &alpha;-L-fructopyranose, &alpha;-D-fructopyranose, &alpha;-L-fructofuranose, &beta;-L-fructofuranose, alpha-D-Mannose, D-Tagatose, D-Hexose, D-Aldose, D-Sorbose, beta-D-Galactose, alpha-D-Galactose, L-glucose, Allose, D-allose, D-idose, L-Sorbose, D-Glucose, D-Fructose, beta-D-Glucose, Alpha-D-Glucose, L-Sorbose, alpha-D-Glucose, &alpha;-L-mannose, &beta;-L-mannose, Beta-D-Galactose, D-Tagatose, myo-inositol, &beta;-D-fructofuranose, 2-Deoxy-D-gluconate, D-Galactose, D-gulopyranose, Oxidized ferredoxin, Reduced ferredoxin, myo-Inositol, D-Mannose, beta-D-Mannose, beta-Endorphin, D-hamamelose, &beta;-D-galactose, beta-D-Fructose
256	D-psicose, scyllo-Inositol, muco-Inositol, &beta;-D-glucose, D-Gulose, D-Idose, D-Altrose, D-Talose, D-Psicose, beta-D-Hamamelopyranose, alpha-L-Sorbopyranose, Beta-D-Glucose, D-Fructose, allo-inositol, cis-inositol, epi-inositol, 1L-chiro-inositol, muco-inositol, neo-inositol, 1D-chiro-inositol, scyllo-inositol, 2-keto-3-deoxy-L-mannonate, D-tagatose, D-Mannose, D-Galactose, D-Glucose, Myoinositol, L-Gulose, 3-Deoxyarabinohexonic acid, L-Fructose, L-Fuconate, Aldohexose, D-Fuconate, L-Rhamnonate, L-Galactose, &beta;-D-mannose, D-Hamamelose, L-Gulose, D-Fructose, Ketose, D-talose, Galactose, Sorbose, D-Allose, D-glucose, D-altrose, L-galactose, L-sorbose, D-sorbose, L-gulose, Scyllitol, &alpha;-D-galactose, &alpha;-D-glucose, Fructose(pyranose), Glycolipid, D-Fructose, &alpha;-D-fructofuranose, &beta;-D-fructopyranose, &alpha;-L-fructopyranose, &alpha;-D-fructopyranose, &alpha;-L-fructofuranose, &beta;-L-fructofuranose, alpha-D-Mannose, D-Tagatose, D-Hexose, D-Aldose, D-Sorbose, beta-D-Galactose, alpha-D-Galactose, L-glucose, Allose, D-allose, D-idose, L-Sorbose, D-Glucose, D-Fructose, beta-D-Glucose, Alpha-D-Glucose, L-Sorbose, alpha-D-Glucose, &alpha;-L-mannose, &beta;-L-mannose, Beta-D-Galactose, D-Tagatose, myo-inositol, &beta;-D-fructofuranose, 2-Deoxy-D-gluconate, D-Galactose, D-gulopyranose, Oxidized ferredoxin, Reduced ferredoxin, myo-Inositol, D-Mannose, beta-D-Mannose, beta-Endorphin, D-hamamelose, &beta;-D-galactose, beta-D-Fructose
381	D-psicose, scyllo-Inositol, muco-Inositol, &beta;-D-glucose, D-Gulose, D-Idose, D-Altrose, D-Talose, D-Psicose, beta-D-Hamamelopyranose, alpha-L-Sorbopyranose, Beta-D-Glucose, D-Fructose, allo-inositol, cis-inositol, epi-inositol, 1L-chiro-inositol, muco-inositol, neo-inositol, 1D-chiro-inositol, scyllo-inositol, 2-keto-3-deoxy-L-mannonate, D-tagatose, D-Mannose, D-Galactose, D-Glucose, Myoinositol, L-Gulose, 3-Deoxyarabinohexonic acid, L-Fructose, L-Fuconate, Aldohexose, D-Fuconate, L-Rhamnonate, L-Galactose, &beta;-D-mannose, D-Hamamelose, L-Gulose, D-Fructose, Ketose, D-talose, Galactose, Sorbose, D-Allose, D-glucose, D-altrose, L-galactose, L-sorbose, D-sorbose, L-gulose, Scyllitol, &alpha;-D-galactose, &alpha;-D-glucose, Fructose(pyranose), Glycolipid, D-Fructose, &alpha;-D-fructofuranose, &beta;-D-fructopyranose, &alpha;-L-fructopyranose, &alpha;-D-fructopyranose, &alpha;-L-fructofuranose, &beta;-L-fructofuranose, alpha-D-Mannose, D-Tagatose, D-Hexose, D-Aldose, D-Sorbose, beta-D-Galactose, alpha-D-Galactose, L-glucose, Allose, D-allose, D-idose, L-Sorbose, D-Glucose, D-Fructose, beta-D-Glucose, Alpha-D-Glucose, L-Sorbose, alpha-D-Glucose, &alpha;-L-mannose, &beta;-L-mannose, Beta-D-Galactose, D-Tagatose, myo-inositol, &beta;-D-fructofuranose, 2-Deoxy-D-gluconate, D-Galactose, D-gulopyranose, Oxidized ferredoxin, Reduced ferredoxin, myo-Inositol, D-Mannose, beta-D-Mannose, beta-Endorphin, D-hamamelose, &beta;-D-galactose, beta-D-Fructose
382	DCEBIO
1416	delta1-Piperideine-2-carboxylate, L-Baikiain, alpha-(Methylenecyclopropyl)glycine, (S)-2,3,4,5-Tetrahydropiperidine-2-carboxylate, Isoguvacine, L-&alpha;-(methylenecyclopropyl)-glycine, N-ethylsuccinimide, Guvacine, (S)-2,3,4,5-Tetrahydropyridine-2-carboxylate, D-1-Piperideine-2-carboxylic acid
1143	DG(14:1(9Z)/15:0/0:0), DG(15:0/14:1(9Z)/0:0)
1172	Dihydroalbocycline, (9Z,12Z,15Z)-(7S,8S)-Dihydroxyoctadeca-9,12,15-trienoic acid, octadecenedioate, 13(S)-HPOT, 9(S)-HPOT, 2(R)-HPOT
760	dioxane, D-(-)-3-hydroxybutyrate, Butyric acid, (S)-Acetoin, (R)-acetoin, Isobutyric acid, Ethyl acetate, (R)-Acetoin, Acetoin, (S)-acetoin, 2-Methylpropanoate, Acetoin, Butanoic acid, ethylacetate, 1,4-Dioxane
1199	dioxane, D-(-)-3-hydroxybutyrate, Butyric acid, (S)-Acetoin, (R)-acetoin, Isobutyric acid, Ethyl acetate, (R)-Acetoin, Acetoin, (S)-acetoin, 2-Methylpropanoate, Acetoin, Butanoic acid, ethylacetate, 1,4-Dioxane
123	Dodecanoic acid, Dodecanoic acid
347	Dopamine 4-O-sulfate, Dopamine 3-O-sulfate, Dopamine 4-sulfate, Dopamine 3-O-sulfate, Sulbactam, dopamine 3-O-sulfate
658	EDTA
546	Epanolol
165	Estra-1,3,5(10)-triene-3,6beta,17beta-triol triacetate, Estra-1,3,5(10)-triene-3,6alpha,17beta-triol triacetate, Magnoshinin, Transferred to D01119, Transferred to D01117, Transferred to D01118, Eplerenone, Transferred to D01116
791	Ethyl(E,Z)-decadienoate, Bornyl acetate, geranyl acetate, (1S,2R,4S)-(-)-Bornyl acetate, Geranyl acetate, Linalyl acetate, Allyl cyclohexylpropionate, beta-Terpinyl acetate, gamma-Terpinyl acetate, alpha-Terpinyl acetate
1061	Fagomine
1288	Fagomine
1419	Formiminoglutamic acid, n-Acetylasparagine, N-Formimino-L-glutamate, Formylisoglutamine
1026	formycin A
1165	formycin B, AMP-ubiquitin, 5'-Oxoinosine, 5'-dehydroinosine
78	Galactonic acid, Gluconic acid, L-Galactonate, Magainin 1, D-Gluconic acid, 2-Carboxy-D-arabinitol, D-Galactonate, L-Idonate, L-Gulonate, D-Altronate, D-Mannonate, Gulonic acid, D-Gluconic acid
189	Galactonic acid, Gluconic acid, L-Galactonate, Magainin 1, D-Gluconic acid, 2-Carboxy-D-arabinitol, D-Galactonate, L-Idonate, L-Gulonate, D-Altronate, D-Mannonate, Gulonic acid, D-Gluconic acid
40	Galanthamine, Dihydromorphine, Ritodrine, Mesembrenone, Zephyramine
253	Galanthamine, Dihydromorphine, Ritodrine, Mesembrenone, Zephyramine
101	glutarate, Citraconic acid, Glutaconic acid, Mesaconic acid, Mesaconate, Itaconic acid, methylsuccinate, 2,5-Dioxopentanoate, Itaconate, Itaconate, Mesaconate, 4,5-Dioxopentanoate, (E)-Glutaconate, 2-Methylmaleate, Acetylpyruvate
421	glutarate, Citraconic acid, Glutaconic acid, Mesaconic acid, Mesaconate, Itaconic acid, methylsuccinate, 2,5-Dioxopentanoate, Itaconate, Itaconate, Mesaconate, 4,5-Dioxopentanoate, (E)-Glutaconate, 2-Methylmaleate, Acetylpyruvate
861	glutarate, Citraconic acid, Glutaconic acid, Mesaconic acid, Mesaconate, Itaconic acid, methylsuccinate, 2,5-Dioxopentanoate, Itaconate, Itaconate, Mesaconate, 4,5-Dioxopentanoate, (E)-Glutaconate, 2-Methylmaleate, Acetylpyruvate
444	Glyceric acid, L-Glyceric acid, D-Glycerate
1361	Glyceric acid, L-Glyceric acid, D-Glycerate
142	glycerol, Glycerol, Glycerol, Glycerol
873	Glycerophosphoglycerol
1447	H2S2O3
1448	hexadecanedioate, (10S)-Juvenile hormone III diol
1352	Hexadecanedioic acid, 2,3-Dihydroxycyclopentaneundecanoic acid
2	HI
416	histone-L-lysine, L-Lysine, (3S,5S)-3,5-Diaminohexanoate, (3S)-3,6-Diaminohexanoate, (3S)-3,6-Diaminohexanoate, (3S,5S)-3,5-Diaminohexanoate, L-Lysine, 2,5-Diaminohexanoate, mildronate, D-Lysine, L-Lysine, D-Lysine, Lysine
1387	Homocysteinesulfinic acid
1272	Homovanillic acid sulfate
689	Hydrocinnamic acid, 3,4-Dimethylbenzoic acid, 3-Methylphenylacetic acid, Tolylacetate, Transferred to D01877, Transferred to D01876, Transferred to D01875, Transferred to D01874, Transferred to D01873, Transferred to D01872, Transferred to D01871, p-Hydroxypropiophenone, Transferred to D01882, Transferred to D01881, Transferred to D01880, Transferred to D01879, Transferred to D01878, 4-Ethylbenzoic acid, Benzyl acetate, benzylacetate, Phenylpropanoate, 4-Vinylguaiacol, 2-Phenylpropionate, 4-vinylguaiacol, 4-Coumaryl alcohol, 4-Coumaryl alcohol, coumaryl-alcohol, 4-Hydroxydihydrocinnamaldehyde
759	Hydroxyphenylacetylglycine, N-Benzyloxycarbonylglycine, p-Hydroxyphenylacetylglycine, 3-Carbamoyl-2-phenylpropionic acid
270	Hypoxanthine, allopurinol, 2-hydroxypurine, 8-hydroxypurine, Hypoxanthine, Hypoxanthine, hypoxanthine
32	Ibuprofen, Ibuprofen, Plastoquinol-1
872	Icosanoic acid, 3D,7D,11D-Phytanic acid, 3L,7D,11D-Phytanic acid, Phytanic acid, Arachidic acid, Phytanate
1102	Indoleacrylic acid, indoleacrylate
182	Indolelactic acid, 5-Methoxyindoleacetate, 5-Methoxyindoleacetate, 5-methoxyindole acetate, Cinnamoylglycine, Gentianamine, Swietenidin B, Indolelactate
61	Indoxyl sulfate
900	Iron chelate, Capsular polysaccharide, Polyamine, Quaternary amine, Xenobiotic, Lipo-oligosaccharide, Teichoic acid, Phosphonate
559	Isofenphos, Omeprazole, Omeprazole, (S)-Esomeprazole
223	Karakin
4	L-2-amino-4-oxo-5-chloropentanoate, p-hydroxybenzoylformate
589	L-Arginine, L-Arginine, D-Arginine, L-Arginine, D-Arginine, Amino acid(Arg-)
716	L-arogenate
778	L-Aspartic acid, L-Aspartate, D-Aspartic acid, Iminodiacetate, D-Aspartate, L-Aspartate, Metal, Aspartate
908	L-Aspartic acid, L-Aspartate, D-Aspartic acid, Iminodiacetate, D-Aspartate, L-Aspartate, Metal, Aspartate
535	L-Carnitine, (S)-Carnitine, L-carnitine, L-Carnitine, L-Carnitine, D-carnitine
961	L-cysteine, L-Cysteine, D-cysteine, L-cysteine, D-Cysteine, Cysteine, L-Cysteine, D-Cysteine
1206	L-Cysteinylglycine disulfide
1425	L-Djenkolic acid, djenkolate
196	L-erythro-3-phenylserine, D-Tyrosine, L-Tyrosine, L-tyrosine, D-threo-3-phenylserine, D-erythro-3-phenylserine, DL-Tyrosine, L-Threo-3-Phenylserine, L-threo-3-Phenylserine, o-Tyrosine, D-tyrosine, 4-Hydroxy-4-(3-pyridyl)-butanoic acid, 3-amino-3-(4-hydroxyphenyl)propanoate, Beta-Tyrosine, L-Tyrosine, L-threo-3-phenylserine, L-Tyrosine, o-tyrosine, 3-Amino-3-(4-hydroxyphenyl)propanoate
1079	L-erythro-ascorbate, cis-Acetylacrylate, 2-Hydroxy-2,4-pentadienoate
23	L-glyceraldehyde, Hydroxypropionic acid, L-Lactic acid, Lactate, 3-Hydroxypropanoate, dihydroxyacetone, Dihydroxyacetone, D-Lactic acid, Glyceraldehyde, D-Glyceraldehyde, (R)-Lactate, D-glyceraldehyde, (R)-Lactate, (S)-Lactate, Glycerone, Glyceraldehyde, L-Glyceraldehyde, glyceraldehyde
232	L-histidine, D-Histidine, L-Histidine, 3-(Pyrazol-1-yl)-L-alanine, L-Histidine, D-histidine, bacimethrin, Kininogen, Histidine, 3-(pyrazol-1-yl)-L-alanine, L-Histidine
692	L-histidine, D-Histidine, L-Histidine, 3-(Pyrazol-1-yl)-L-alanine, L-Histidine, D-histidine, bacimethrin, Kininogen, Histidine, 3-(pyrazol-1-yl)-L-alanine, L-Histidine
56	L-isoglutamine, L-glutamine, glycylsarcosine, ala-gly, L-Glutamine, Ureidoisobutyric acid, Alanylglycine, L-Glutamine, 3-Ureidoisobutyrate, D-Glutamine, Glutamine, Ala-Gly, L-Glutamine, D-Glutamine, D-glutamine, Isoglutamine
216	L-Tryptophan, L-tryptophan, L-Tryptophan, Ethotoin, Idazoxan, Vasicinol, Xyloglucan, Tryptophan, Nirvanol, D-Tryptophan, L-Tryptophan, D-tryptophan
30	L-xylono-1,4-lactone, L-threo-3-Methylmalate, D-erythro-3-Methylmalate, D-threo-3-Methylmalate, Citramalic acid, 3-Hydroxyglutaric acid, D-2-Hydroxyglutaric acid, L-2-Hydroxyglutaric acid, 2-Dehydro-3-deoxy-D-xylonate, L-Arabinono-1,4-lactone, (R)-2-Hydroxyglutarate, L-Arabino-1,5-lactone, (S)-2-Hydroxyglutarate, (R)-2-Hydroxyglutarate, L-Arabinono-1,5-lactone, D-Xylono-1,5-lactone, Ribonolactone, D-xylono-1,4-lactone, Collagenase, Citramalate, L-Xylono-1,4-lactone, D-arabinono-1,4-lactone, 2-Dehydro-3-deoxy-L-arabinonate, L-arabinono-1,4-lactone, D-xylonolactone, D-Arabinono-1,4-lactone, (R)-2-Methylmalate, (S)-2-Methylmalate, 2-Hydroxyglutarate, D-Xylono-1,4-lactone, Yeast cytochrome c, D-Xylonolactone
1296	L-xylono-1,4-lactone, L-threo-3-Methylmalate, D-erythro-3-Methylmalate, D-threo-3-Methylmalate, Citramalic acid, 3-Hydroxyglutaric acid, D-2-Hydroxyglutaric acid, L-2-Hydroxyglutaric acid, 2-Dehydro-3-deoxy-D-xylonate, L-Arabinono-1,4-lactone, (R)-2-Hydroxyglutarate, L-Arabino-1,5-lactone, (S)-2-Hydroxyglutarate, (R)-2-Hydroxyglutarate, L-Arabinono-1,5-lactone, D-Xylono-1,5-lactone, Ribonolactone, D-xylono-1,4-lactone, Collagenase, Citramalate, L-Xylono-1,4-lactone, D-arabinono-1,4-lactone, 2-Dehydro-3-deoxy-L-arabinonate, L-arabinono-1,4-lactone, D-xylonolactone, D-Arabinono-1,4-lactone, (R)-2-Methylmalate, (S)-2-Methylmalate, 2-Hydroxyglutarate, D-Xylono-1,4-lactone, Yeast cytochrome c, D-Xylonolactone
155	L-xylulose-5-phosphate, &beta;-L-arabinose 1-phosphate, D-xylulose-5-phosphate, L-xylulose-1-phosphate, D-ribose-5-phosphate, &alpha;-D-ribose-1-phosphate, D-ribulose-5-phosphate, L-ribulose-5-phosphate, D-ribulose-1-phosphate, &alpha;-D-xylose 1-phosphate, D-arabinose 5-phosphate, alpha-L-arabinose 1-phosphate
162	L-xylulose-5-phosphate, &beta;-L-arabinose 1-phosphate, D-xylulose-5-phosphate, L-xylulose-1-phosphate, D-ribose-5-phosphate, &alpha;-D-ribose-1-phosphate, D-ribulose-5-phosphate, L-ribulose-5-phosphate, D-ribulose-1-phosphate, &alpha;-D-xylose 1-phosphate, D-arabinose 5-phosphate, alpha-L-arabinose 1-phosphate
519	lactose, fagopyritol A1, fagopyritol B1, alpha-D-Aldosyl beta-D-fructoside, alpha-D-Glucosyl-(1,3)-D-mannose, beta-D-Fructofuranosyl-alpha-D-mannopyranoside, Trehalose, beta-D-Gal-(1->4)-D-Glc, alpha-Cellobiose, beta-Cellobiose, Gentiobiose, linear &alpha;-glucan, 2-O-beta-D-Glucopyranosyl-beta-D-glucopyranose, Lactulose, Cellobiose, Melibiose, D-Maltose, Alpha-Lactose, Sucrose, Isomaltose, cellobiose, Inulobiose, Levanbiose, Mannobiose, Palatinose, inulobiose, beta-Lactose, beta-Maltose, &alpha;-D-mannopyranosyl-(1,3)-&alpha;-D-mannopyranose, D-Fructosyl-D-fructofuranose, alpha-D-Galactosyl-(1->3)-1D-myo-inositol, Nigerose, Pre-tRNA, Pachyman, (1,6)-&beta;-galactobiose, &alpha;-D-aldosyl&beta;-D-fructoside, nigerose, 3-b-Galactopyranosyl glucose, 2-alpha-D-Glucosyl-D-glucose, Epimelibiose, allolactose, alpha,alpha-Trehalose, maltose, sucrose, Maltose, melibiose, Epimelibiose, Melibiose, Kojibiose, Turanose, Lactulose, mannosylfructose, 3-&beta;-D-Glucosyl-D-glucose, inositol-&beta;-galactoside, alpha-Maltose, &beta;-gentiobiose, &alpha;-kojibiose, D-Glucosyl-D-mannose, lactulose, trehalose, D-Glucosyl-D-mannose, palatinose, sucrose, Sucrose, galactinol, Galactinol, Maltose, isomaltose, Lactose, Isomaltose, Cellobiose, &alpha;,&beta;-trehalose, &beta;-kojibiose, &alpha;-maltose, Limit dextrin, Laminaribiose
370	Levamisole
672	Levamisole
1362	Lumichrome, lumichrome
947	LysoPC(15:0), LysoPE(0:0/18:0), LysoPE(18:0/0:0), 2-acyl-sn-glycero-3-phosphoethanolamine (n-C18:0), 1-acyl-sn-glycero-3-phosphoethanolamine (n-C18:0)
524	LysoPE(18:2(9Z,12Z)/0:0), LysoPE(0:0/18:2(9Z,12Z))
869	LysoPE(22:6(4Z,7Z,10Z,13Z,16Z,19Z)/0:0), LysoPE(0:0/22:6(4Z,7Z,10Z,13Z,16Z,19Z))
243	Maleic acid, Fumaric acid, succinate, Maleic acid, Fumarate, Maleic acid, methylmalonate, Fumarate, Formylpyruvate
665	Maleic acid, Fumaric acid, succinate, Maleic acid, Fumarate, Maleic acid, methylmalonate, Fumarate, Formylpyruvate
52	Malic acid, L-Malic acid, 3-Dehydro-L-threonate, Malate, (R)-Malate, (S)-Malate, (S)-Malate
26	Malonic acid, 2-Hydroxy-3-oxopropanoate, Tartronate semialdehyde, Malonate, Hydroxypyruvic acid, Malonate, Hydroxypyruvate
17	Methanesulfonic acid
1027	methiin
1019	methyl-&beta; -D-glucoside, 3-O-methyl-d-glucose, 4-O-Methyl-myo-inositol, 6-O-Methyl-myo-inositol, (-)-Quebrachitol, 3-O-methyl-myo-inositol, D-ononitol, 1-O-methyl-muco-inositol, 1-O-methyl-scyllo-inositol, L-quebrachitol, L-bornesitol, D-pinitol, D-Pinitol, Methyl beta-D-galactoside, 1-O-Methyl-myo-inositol, 3-O-Methyl-myo-inositol, 5-O-Methyl-myo-inositol, O-Methyl-scyllo-inositol, D-bornesitol, 3-O-methyl-&alpha;-D-glucopyranose, methyl &alpha;-D-mannopyranoside, methyl &alpha;-D-glucoside, methyl &beta;-D-glucoside, methyl-&alpha;-D-galactopyranoside, methyl-&beta;-D-galactoside, sequoyitol
1364	methylmethanesulfonate
297	Methyloxaloacetate, Dehydro-D-arabinono-1,4-lactone, Oxoglutaric acid, Oxaloacetate 4-methyl ester, (R)-2-hydroxyglutarate, &beta;-methyl-D-malate, (S)-citramalate, 2-Dehydro-3-deoxy-D-alabinonate, 5-Hydroxy-2,4-dioxopentanoate, (S)-2-hydroxyglutarate, 2-Oxoglutarate, 2-Oxoglutarate, (R)-citramalate
787	Methyloxaloacetate, Dehydro-D-arabinono-1,4-lactone, Oxoglutaric acid, Oxaloacetate 4-methyl ester, (R)-2-hydroxyglutarate, &beta;-methyl-D-malate, (S)-citramalate, 2-Dehydro-3-deoxy-D-alabinonate, 5-Hydroxy-2,4-dioxopentanoate, (S)-2-hydroxyglutarate, 2-Oxoglutarate, 2-Oxoglutarate, (R)-citramalate
428	MG(0:0/16:1(9Z)/0:0), MG(16:1(9Z)/0:0/0:0)
996	MG(0:0/18:1(9Z)/0:0), MG(0:0/18:1(11Z)/0:0), MG(18:1(11Z)/0:0/0:0), MG(18:1(9Z)/0:0/0:0), mono-olein, Triton
550	Miglitol, 2-Deoxy-2-dimethylamino-alpha-D-Glucose, N-Ethylglycocyamine
610	myo-inosose, 2-Deoxy-5-keto-D-gluconic acid, D-glucono-1,5-lactone, Gluconolactone, Galactonolactone, 5-Dehydro-2-deoxy-D-gluconate, 3-Dehydro-2-deoxy-D-gluconate, D-Glucono-1_4-lactone, 2-Dehydro-3-deoxy-D-galactonate, L-sorbosone, D-galactono-1,4-lactone, L-Galactono-1,4-lactone, L-Gulono-1,4-lactone, D-Glucono-1,4-lactone, D-Galactono-1,4-lactone, D-galacto-Hexodialdose, glucono-&gamma;-lactone, myo-Inosose-5, 3-Keto-beta-D-galactose, Gulono-1,4-lactone, 3-Keto-b-D-galactose, 2-Keto-3-deoxy-D-gluconic acid, L-gulono-1,4-lactone, D-mannono-&gamma;-lactone, L-sorbosone 2,6-lactone, L-sorbosone 1,4-lactone, D-galacto-hexodialdose, 2-keto-myo-inositol, 2,4,6/3,5-Pentahydroxycyclohexanone, L-galactono-1,4-lactone, 2-dehydro-D-glucose, 5-dehydro-D-fructose, 3-dehydro-&alpha;-D-glucose, L-Gulono-1_4-lactone, D-Galactono-1,5-lactone, Hexose-1,5-lactone, hn, 2-Dehydro-3-deoxy-D-gluconate, 3-keto-&beta;-D-galactose, 5-Dehydro-D-fructose, 2-Dehydro-D-glucose, L-Gulonolactone, D-Glucono-1,5-lactone, 5-Deoxy glucuronic acid
1055	N-&alpha;-acetyl-DL-norvaline, 3-dehydrocarnitine, Valerylglycine, (-)-Betonicine, Isovalerylglycine, 5-Acetamidovalerate, 3-Dehydrocarnitine, 2-Methylbutyrylglycine, 5-Acetamidopentanoate, N-Acetylvaline, Calystegin A3, 3-Hydroxystachydrine
1278	N-&alpha;-acetyl-DL-norvaline, 3-dehydrocarnitine, Valerylglycine, (-)-Betonicine, Isovalerylglycine, 5-Acetamidovalerate, 3-Dehydrocarnitine, 2-Methylbutyrylglycine, 5-Acetamidopentanoate, N-Acetylvaline, Calystegin A3, 3-Hydroxystachydrine
715	N-acetyl -D- glucosaminitol
274	N-Acetyl-a-neuraminic acid, N-Acetylneuraminic acid, O-Sinapoylglucarolactone, O-Acetylneuraminic acid, N-Acetylneuraminate, N-Acetylneuraminate
680	N-Acetyl-D-fucosamine, N-Acetyl-D-quinovosamine
344	N-acetyl-D-mannosamine, N-Acetyl-b-D-galactosamine, Beta-N-Acetylglucosamine, N-Acetylgalactosamine, N-Acetyl-D-glucosamine, 2'-Deoxysepiapterin, N-acetyl-&alpha;-D-glucosamine, N-acetyl-&beta;-D-galactosamine, N-Acetyl-beta-D-glucosamine, N-Acetyl-D-galactosamine, N-Acetyl-D-hexosamine, N-Acetyl-D-mannosamine, N-Acetyl-beta-D-galactosamine, 8-methylthiooctylhydroximate, N-acetyl-&alpha;-D-galactosamine, N-Acetyl-D-glucosamine, N-Acetylmannosamine, N-Acetyl-D-mannosamine, Pyrimidodiazepine, N-Acetylhexosamine, N-Acetyl-D-glucosamine, N-acetyl-&beta;-D-glucosamine
549	N-Acetyl-L-aspartic acid, N-Acetyl-L-aspartate, N-Formyl-L-glutamate, 2-Amino-3-oxoadipate, Aminoacyl-L-methionine, N-Formyl-L-glutamic acid
553	N-Acetyl-L-glutamate 5-semialdehyde, N-Acetyl-L-glutamate 5-semialdehyde, (2S,5S)-trans-Carboxymethylproline, 5-Deoxy-5-aminoshikimic acid
57	N-Acetylglutamine, L-glycyl-L-hydroxyproline, N-Acetylglutamine
790	N-benzoylanthranilate
1011	N-Succinyl-L-citrulline, (5-L-Glutamyl)-L-glutamine, Gamma-Glutamylglutamine, &gamma;-Glu-Ala-Gly, Norophthalmic acid
1167	n,n-DDA
1005	N(&pi;)-methyl-L-histidine, 3-Methylhistidine, 1-Methylhistidine, N(pi)-Methyl-L-histidine, Nalpha-Methylhistidine, &alpha;-methylhistidine, histidine methyl ester, N(pi)-Methyl-L-histidine
475	N1-Methyl-2-pyridone-5-carboxamide, N1-Methyl-4-pyridone-3-carboxamide, N1-Methyl-2-pyridone-5-carboxamide, N1-Methyl-4-pyridone-5-carboxamide, 2-Amino-4-nitrotoluene
1438	N2-acetyl-&alpha;-aminoadipate
643	N6-Methyl-2'-deoxyadenosine
688	Neocnidilide, Cnidilide, 4-Hexyloxyphenol
1015	nitrocyclohexane, L-Pipecolic acid, Pipecolic acid, L-pipecolate, (+)-TACP, 1-Aminocyclopentanecarboxylate, N4-Acetylaminobutanal, vigabatrin, N4-Acetylaminobutanal, Vigabatrin, monomethyl proline, L-Pipecolate, 4-acetamidobutanal, D-Pipecolic acid, (R)-piperidine-3-carboxylate, D-pipecolate
95	nitrocyclopentane, 3-Acetamidopropanal, L-Proline, L-proline, L-Proline, D-proline, 3-acetamidopropanal, D-Proline, D-Proline, L-Proline, Proline
875	Nojirimycin, beta-D-Glucosamine, deoxymorpholinofructose, 1-Amino-1-deoxy-scyllo-inositol, Fructosamine, D-Mannosamine, D-Glucosamine, neo-Inosamine-2, Glucosamine, D-Glucosamine, Kanosamine, D-Galactosamine, galactosamine
115	O-acetyl-L-serine, L-Glutamic acid, N-Acetylserine, N-Methyl-D-aspartic acid, O-Acetyl-L-serine, N-Acetyl-alpha-melanotropin, N-(Carboxymethyl)-D-alanine, L-threo-3-Methylaspartate, L-4-Hydroxyglutamate semialdehyde, 2-Oxo-4-hydroxy-5-aminovalerate, L-Glutamate, L-4-Hydroxyglutamate semialdehyde, Isoglutamate, 2-keto-4-hydroxy-5-aminovalerate, N-methyl-D-aspartate, O-Acetyl-L-serine, DL-Glutamate, L-Glutamate, D-Glutamate, L-4-hydroxyglutamate semialdehyde, D-Glutamic acid, N-Methyl-D-aspartic acid, O-Acetylserine
415	O-acetyl-L-serine, L-Glutamic acid, N-Acetylserine, N-Methyl-D-aspartic acid, O-Acetyl-L-serine, N-Acetyl-alpha-melanotropin, N-(Carboxymethyl)-D-alanine, L-threo-3-Methylaspartate, L-4-Hydroxyglutamate semialdehyde, 2-Oxo-4-hydroxy-5-aminovalerate, L-Glutamate, L-4-Hydroxyglutamate semialdehyde, Isoglutamate, 2-keto-4-hydroxy-5-aminovalerate, N-methyl-D-aspartate, O-Acetyl-L-serine, DL-Glutamate, L-Glutamate, D-Glutamate, L-4-hydroxyglutamate semialdehyde, D-Glutamic acid, N-Methyl-D-aspartic acid, O-Acetylserine
191	O-methylserine, 3-nitro-2-butanol, L-homoserine, L-Homoserine, L-Threonine, serine methyl ester, (-)-erythro-(2R,3R)-Dihydroxybutylamide, L-threonine, D-threonine, D-allothreonine, L-Allothreonine, L-allo-threonine, 4-Amino-3-hydroxybutanoate, L-Threonine, L-Allothreonine, D-Threonine, D-Allothreonine, 4-amino-3-hydroxybutanoate, 2-methylserine, L-homoserine, L-Homoserine, L-Threonine, 2-Methylserine, 2-methyl-L-serine
474	o-Nitrobenzoate, Quinolinic acid, Pyridine-2,3-dicarboxylate, 4-hydroxy-3-nitrobenzaldehyde, L-2,3-dihydrodipicolinate, 1,4-dihydrodipicolinate
1403	Octadecanedioic acid, 9,10-DHOME, 12,13-DHOME, (9Z)-(7S,8S)-Dihydroxyoctadecenoic acid, 12,13-DHOME, 9,10-DHOME, DBS
1376	octanoate
128	Octanoic acid, Caprylic acid, ethyl caproate, 5-ketooctanal, Valproic acid, Valproic acid, Transferred to D00400
564	Ornithine, Ornithine, Paramylon, (2R,4S)-2,4-Diaminopentanoate, Fibronectin, D-Ornithine, L-Ornithine, L-Ornithine, D-Ornithine
770	Ornithine, Ornithine, Paramylon, (2R,4S)-2,4-Diaminopentanoate, Fibronectin, D-Ornithine, L-Ornithine, L-Ornithine, D-Ornithine
46	Orotic acid, Uracil 5-carboxylate, Orotate, Orotate
79	Orotidine, Orotidine
70	Orthophosphate, Phosphoric acid, Orthophosphate
582	Oxypurinol, Xanthine, Xanthine, Alloxanthine, xanthine, Xanthine, 6,8-Dihydroxypurine
891	P-DPD
1442	p-Hydroxyphenylacetothiohydroximate
1068	Pantothenic acid, Pantothenate, Pantothenate
925	PE(20:3(5Z,8Z,11Z)/P-18:1(11Z)), PE(20:3(5Z,8Z,11Z)/P-18:1(9Z)), PE(20:3(8Z,11Z,14Z)/P-18:1(11Z)), PE(20:3(8Z,11Z,14Z)/P-18:1(9Z)), PE(20:4(8Z,11Z,14Z,17Z)/P-18:0), PE(20:4(5Z,8Z,11Z,14Z)/P-18:0), PE(22:4(7Z,10Z,13Z,16Z)/P-16:0), PE(P-16:0/22:4(7Z,10Z,13Z,16Z)), PE(P-18:0/20:4(8Z,11Z,14Z,17Z)), PE(P-18:1(11Z)/20:3(5Z,8Z,11Z)), PE(P-18:1(11Z)/20:3(8Z,11Z,14Z)), PE(P-18:1(9Z)/20:3(5Z,8Z,11Z)), PE(O-18:1(1Z)/20:4(5Z,8Z,11Z,14Z))
1207	PE(22:6(4Z,7Z,10Z,13Z,16Z,19Z)/16:0), PE(22:5(7Z,10Z,13Z,16Z,19Z)/16:1(9Z)), 1-20:3-2-18:3-phosphatidylethanolamine, PE(20:2(11Z,14Z)/18:4(6Z,9Z,12Z,15Z)), PE(20:3(5Z,8Z,11Z)/18:3(6Z,9Z,12Z)), PE(20:3(5Z,8Z,11Z)/18:3(9Z,12Z,15Z)), PE(20:3(8Z,11Z,14Z)/18:3(6Z,9Z,12Z)), PE(20:3(8Z,11Z,14Z)/18:3(9Z,12Z,15Z)), PE(20:4(5Z,8Z,11Z,14Z)/18:2(9Z,12Z)), PE(20:5(5Z,8Z,11Z,14Z,17Z)/18:1(11Z)), PE(20:5(5Z,8Z,11Z,14Z,17Z)/18:1(9Z)), PE(20:4(8Z,11Z,14Z,17Z)/18:2(9Z,12Z)), PE(22:5(4Z,7Z,10Z,13Z,16Z)/16:1(9Z)), PE(18:1(11Z)/20:5(5Z,8Z,11Z,14Z,17Z)), PE(18:1(9Z)/20:5(5Z,8Z,11Z,14Z,17Z)), PE(18:4(6Z,9Z,12Z,15Z)/20:2(11Z,14Z)), PE(18:2(9Z,12Z)/20:4(5Z,8Z,11Z,14Z)), PE(18:2(9Z,12Z)/20:4(8Z,11Z,14Z,17Z)), PE(18:3(9Z,12Z,15Z)/20:3(5Z,8Z,11Z)), PE(18:3(9Z,12Z,15Z)/20:3(8Z,11Z,14Z)), PE(18:3(6Z,9Z,12Z)/20:3(5Z,8Z,11Z)), PE(18:3(6Z,9Z,12Z)/20:3(8Z,11Z,14Z)), PE(16:0/22:6(4Z,7Z,10Z,13Z,16Z,19Z)), PE(16:1(9Z)/22:5(4Z,7Z,10Z,13Z,16Z)), PE(16:1(9Z)/22:5(7Z,10Z,13Z,16Z,19Z))
1267	PE(22:6(4Z,7Z,10Z,13Z,16Z,19Z)/P-18:0), PE(22:5(7Z,10Z,13Z,16Z,19Z)/P-18:1(11Z)), PE(22:5(7Z,10Z,13Z,16Z,19Z)/dm18:1(9Z)), PE(22:5(4Z,7Z,10Z,13Z,16Z)/P-18:1(11Z)), PE(22:5(4Z,7Z,10Z,13Z,16Z)/P-18:1(9Z)), PE(P-18:0/22:6(4Z,7Z,10Z,13Z,16Z,19Z)), PE(P-18:1(11Z)/22:5(4Z,7Z,10Z,13Z,16Z)), PE(P-18:1(11Z)/22:5(7Z,10Z,13Z,16Z,19Z)), PE(P-18:1(9Z)/22:5(4Z,7Z,10Z,13Z,16Z)), PE(P-18:1(9Z)/22:5(7Z,10Z,13Z,16Z,19Z)), PEG
986	PEG
1216	pelargonate
179	Pelargonic acid, Oenanthic ether, Nonanoic acid
513	penicillamine, L-methionine, L-Methionine, Methionine, L-Methionine, L-penicillamine, Transferred to D00497, Penicillamine, D-Methionine, ethylcysteine, D-methionine, L-Methionine, D-penicillamine
1047	Pentacosanoic acid
749	Perfluorooctanesulfonic acid
292	Perillic acid, Myrtenic acid, (1R)-bornane-2,5-dione, Perillic acid, (+)-Bornane-2,5-dione, 4-(4-Hydroxyphenyl)-2-butanol, 10-Oxogeranial, (+/-)-Asarinol A, 10-oxogeranial, Piquerol A, Rotundifolone, Dolichodial, Nepetalactone cis-trans-form, Nepetalactone trans-cis-form, Carvone oxide, Camphorquinone, 1-(3,4-dimethylphenyl)ethane-1,2-diol, 2,5-diketocamphane, 5-hydroxyadamantan-2-one, 4-oxahomoadamantan-5-one, 4-Butoxyphenol
798	petroselinate, Petroselinic acid, oleate, cis-vaccenate
531	phenyl sulfoxide
901	phenyl-&beta;-D-glucoside, phenyl-&alpha;-D-glucoside, Phenyl beta-D-glucopyranoside, Aryl beta-D-glucoside, phenyl-&beta;-galactoside, Phenylgalactoside
339	phlorisovalerophenone, 3-Methyl-1-(2,4,6-trihydroxyphenyl)butan-1-one, Phlorisobutyrophenone, Multifidol, sinapyl-alcohol, Sinapyl alcohol
340	Phytuberin, [6]-Gingerol, Embelin, Gingerol
305	PI(18:1(11Z)/20:3(5Z,8Z,11Z)), PI(18:1(11Z)/20:3(8Z,11Z,14Z)), PI(18:1(9Z)/20:3(5Z,8Z,11Z)), PI(18:1(9Z)/20:3(8Z,11Z,14Z)), PI(18:2(9Z,12Z)/20:2(11Z,14Z)), PI(18:0/20:4(5Z,8Z,11Z,14Z)), PI(18:0/20:4(8Z,11Z,14Z,17Z)), PI(16:0/22:4(10Z,13Z,16Z,19Z)), PI(16:0/22:4(7Z,10Z,13Z,16Z)), PI(20:4(8Z,11Z,14Z,17Z)/18:0), PI(22:4(10Z,13Z,16Z,19Z)/16:0), PI(22:4(7Z,10Z,13Z,16Z)/16:0), PI(20:2(11Z,14Z)/18:2(9Z,12Z)), PI(20:3(5Z,8Z,11Z)/18:1(11Z)), PI(20:3(5Z,8Z,11Z)/18:1(9Z)), PI(20:3(8Z,11Z,14Z)/18:1(11Z)), PI(20:3(8Z,11Z,14Z)/18:1(9Z)), PI(20:4(5Z,8Z,11Z,14Z)/18:0)
1106	Piplartine, 9-O-Demethyl-2alpha-hydroxyhomolycorine, Crinamidine, Haemanthidine
113	Pseudouridine, Uridine, Uridine, pseudouridine, Uridine, Spongouridine, uridine, Pseudouridine, Pseudonigeran, Putidaredoxin
642	Pseudouridine, Uridine, Uridine, pseudouridine, Uridine, Spongouridine, uridine, Pseudouridine, Pseudonigeran, Putidaredoxin
527	Resolvin E2, 6beta,7beta-Dihydroxykaurenoic acid, Prostaglandin J2, Prostaglandin A2, Delta-12-Prostaglandin J2, Prostaglandin B2, 12-Keto-leukotriene B4, 3beta,13-Dihydroxy-16-(hydroxymethylene)-13,17-seco-5alpha-, 12-Keto-leukotriene B4, Prostaglandin J2, Prostaglandin B2, Prostaglandin C2, delta-12-Prostaglandin J2, Prostaglandin A2, Lathyrol, 17-Oxogrindelic acid, 17beta-Hydroxy-4-oxa-5alpha-androstan-3-one acetate, 15-Keto-13,14-dihydroprostaglandin A2, Di-n-hexyl phthalate, 5,6-Epoxytetraene, Leukotriene B5
65	Rhamnose, L-Rhamnulose, alpha-D-Quinovopyranose, L-dihydrostreptose, (-)-Viburnitol, (+)-Quercitol, L-Fucose, &beta;-L-rhamnose, &beta;-L-fucose, 1,5-Anhydrosorbitol, 2-Deoxygalactopyranose, L-Fuculose, D-Rhamnose, L-fuculose, &alpha;-L-rhamnose, &alpha;-L-fucose, D-fucose, 6-Deoxy-D-galactose, 6-Deoxy-L-galactose, L-Rhamnose, 1,5-anhydro-D-glucitol, 1,5-anhydro-D-mannitol, 2-deoxy-D-glucose, 6-deoxy-D-sorbose, quinovose, 1,5-Anhydro-D-glucitol, L-Rhamnulose, 1-O-methyl-&beta;-D-xylopyranose, L-rhamnofuranose, 2-Deoxy-D-glucose, L-Rhamnose, 2-Deoxy-D-glucose, 6-Deoxy-D-glucose, 2-Deoxy-D-galactose, L-Rhamnofuranose, alpha-L-Rhamnose, Beta-D-Fucose, 6-deoxy-D-glucose, beta-L-Rhamnose, 2-deoxy-D-galactose, beta-D-Fucose, L-rhamnulose, 1,5-Anhydro-D-mannitol
173	Ribonic acid, Arabinonic acid, Desmycosin, D-Ribonate, L-Lyxonate, L-Xylonate, D-Arabinonate, L-Arabinonate, D-Xylonate
351	Ribonic acid, Arabinonic acid, Desmycosin, D-Ribonate, L-Lyxonate, L-Xylonate, D-Arabinonate, L-Arabinonate, D-Xylonate
1093	S-8-methylthiooctylhydroximoyl-L-cysteine
278	S-methyl-D-cysteine, D-homocysteine, Homocysteine, L-Homocysteine, S-methyl-L-cysteine, Methylcysteine, Homocysteine, Methylcysteine, L-homocysteine, L-Homocysteine
141	SB 206553
902	Sphingosine 1-phosphate, Sphingosine 1-phosphate
1410	Stearoylglycerone phosphate, Substituted beta-amino acid, DHAP(18:0), 1-octadecanoyl-sn-glycerol 3-phosphate, LPA(18:1(9Z)/0:0), LPA(0:0/18:1(9Z))
1020	stipitatonate
965	Suberic acid, Suberic acid, Ethyladipic acid, Dimethyl adipate, 2-Propylglutaric acid
1136	Succinylacetone, Isopropylmaleate, Dimethyl citraconate, pimelate, dimethyl-citraconate, 2-Isopropylmaleate, 5-D-(5/6)-5-C-(Hydroxymethyl)-2,6-dihydroxycyclohex-2-en-1-one, Dephospho-[[hydroxymethylglutaryl-CoA reductase (NADPH)]kinase], (1S,4S)-4-Hydroxy-3-oxocyclohexane-1-carboxylate
12	Sulfasalazine
90	Sulfasalazine
88	Sulfate
814	Tartaric acid, (R,R)-Tartaric acid, meso-Tartaric acid, (S,S)-Tartaric acid
48	Taurine, taurine, Taurine, Taurine
8	Terephthalate, Benzoquinoneacetic acid, Phthalate, Terephthalic acid, demethyl-phosphinothricin, Phthalic acid, 4-Hydroxyphenylglyoxylate, Phthalate, 4-Formylsalicylic acid, 3-Formylsalicylic acid
169	Testosterone sulfate, DHEA sulfate, Dehydroepiandrosterone sulfate
602	Tetrachlorvinphos
67	Tetradecanoic acid, Myristic acid, 2,6,10-Trimethylundecanoic acid
555	theanine, N5-Ethyl-L-glutamine, L-prolinylglycine, gamma-glutamyl-ethylamide, N-Acetylornithine, N-Acetylornithine, N-Acetylornithine, N-acetyl-L-ornithine
711	theanine, N5-Ethyl-L-glutamine, L-prolinylglycine, gamma-glutamyl-ethylamide, N-Acetylornithine, N-Acetylornithine, N-Acetylornithine, N-acetyl-L-ornithine
153	Theobromine, 1,7-Dimethylxanthine, theophylline, theobromine, Theobromine, Paraxanthine, Theophylline, Theophylline, Transferred to D00372, paraxanthine
266	Theobromine, 1,7-Dimethylxanthine, theophylline, theobromine, Theobromine, Paraxanthine, Theophylline, Theophylline, Transferred to D00372, paraxanthine
528	Theobromine, 1,7-Dimethylxanthine, theophylline, theobromine, Theobromine, Paraxanthine, Theophylline, Theophylline, Transferred to D00372, paraxanthine
1191	thiocysteine, Thiocysteine, Thiocysteine
83	Threonic acid, Erythronic acid, Threonate
164	Threonic acid, Erythronic acid, Threonate
10	Threonolactone, Methylmalonic acid, Succinic acid, Erythrono-1,4-lactone, Methylmalonate, Methyl oxalate, Succinate, Succinate, Methylmalonate
1292	Thymine, Imidazoleacetic acid, thymine, thymine, Imidazole-4-acetate, Imidazole-4-acetate, Thymine
226	Thymyl acetate
1234	Tiglylglycine, 3-Methylcrotonylglycine, Ethadione, 2-Hydroxyethylclavam, Paramethadione
1426	Tigogenin, Smilagenin, 3 beta-Hydroxy-5-cholestenoate, 7 alpha,24-Dihydroxy-4-cholesten-3-one, 7 alpha,26-Dihydroxy-4-cholesten-3-one, 24,25-Dihydroxyvitamin D, Paricalcitol, Transferred to D00931, (25S)-5-&beta;-spirostan-3-&beta;-ol, Calcitriol, (25S)-5beta-Spirostan-3beta-ol, 7a,12a-Dihydroxy-cholestene-3-one, 23S,25-dihydroxyvitamin D3, 5,6-24(S),25-Diepoxycholesterol, 24R,25-Dihydroxyvitamin D3, 7alpha,24-Dihydroxy-4-cholesten-3-one, 7alpha,25-Dihydroxy-4-cholesten-3-one, 3beta-Hydroxy-5-cholestenoate, 7alpha,26-Dihydroxy-4-cholesten-3-one, 4-Cholesten-7alpha,12alpha-diol-3-one, Secalciferol, 7&alpha;,12&alpha;-dihydroxycholest-4-en-3-one, Calcitriol, 1-alpha,24(R)-Dihydroxyvitamin D3, 25,26-dihydroxyvitamin D, calcitriol, Transferred to D01482, Transferred to D01480, Transferred to D01481, Transferred to D01478, Transferred to D01479, Transferred to D01476, Transferred to D01477, Transferred to D01474, Transferred to D01475, Transferred to D01473, Transferred to D01485, Transferred to D01483, Transferred to D01484, Neotigogenin, 3beta,5beta-Ketodiol
6	trans-Aconitic acid, (R)-4-hydroxy-4-methyl-2-oxoglutarate, (S)-4-hydroxy-4-methyl-2-oxoglutarate, cis-Aconitic acid, L-Dehydroascorbate, cis-Aconitate, Dehydroascorbate, cis-Aconitate, Dehydroascorbic acid, 2-hydroxy-3-oxoadipate, L-dehydro-ascorbate, trans-Aconitate, 'Activated' tRNA
1062	trans-Aconitic acid, (R)-4-hydroxy-4-methyl-2-oxoglutarate, (S)-4-hydroxy-4-methyl-2-oxoglutarate, cis-Aconitic acid, L-Dehydroascorbate, cis-Aconitate, Dehydroascorbate, cis-Aconitate, Dehydroascorbic acid, 2-hydroxy-3-oxoadipate, L-dehydro-ascorbate, trans-Aconitate, 'Activated' tRNA
402	trans-Dec-2-enoic acid, (1S,2S,4R)-limonene-1,2-diol, 8-Methyl-6-nonenoic acid, 7-Isopropyl-4-methyloxepan-2-one, p-Menth-8-ene-1,2-diol, (4R,7S)-7-Isopropyl-4-methyloxepan-2-one, 8-Methylnonenoate, trans-4-Decenoic acid, cis-4-Decenoic acid, (1R,2R,4S)-limonene-1,2-diol, (4R,7S)-7-isopropyl-4-methyloxepan-2-one, (4S,7R)-7-isopropyl-4-methyloxepan-2-one, 6-endo-Hydroxycineole, 10-Hydroxygeraniol, Limonene-1,2-diol, (+)-Neomatatabiol, (E)-3,7-dimethylocta-1,6-dien-3,8-diol, 6-endo-hydroxycineole, 10-hydroxynerol, 10-hydroxygeraniol, Citronellate, (E)-3,7-Dimethylocta-1,6-diene-3,8-diol
389	trans-Dodec-2-enoic acid, 5-Dodecenoic acid, (-)-Menthyl acetate, Citronellyl acetate, Neomenthyl acetate, Decanoyl acetaldehyde, l-menthyl acetate
1200	trans-Ferulic acid, Isoferulic acid, D,L-&alpha;-methylphosphinothricin, D,L-&gamma;-methylphosphinothricin, 5-hydroxy-coniferaldehyde, Dimethyl phthalate, Monoethyl phthalate, Ferulate, 6-hydroxymellein, 2,4,8-Trihydroxy-1-tetralone, Scytalone, Methyl caffeate, Isoferulic acid, scytalone, 5-Hydroxyconiferaldehyde, Kakuol, 6-Hydroxymellein, Dimethyl phthalate
77	Transferred to D02131, 6-Cyano-7-nitroquinoxaline-2,3-dione
1028	Traumatic acid, Traumatic acid
1428	Tributyrin
58	Tricaine, L-Phenylalanine, L-phenylalanine, N-benzylglycine, Benzocaine, L-Phenylalanine, Norsalsolinol, Benzocaine, 3-Pyridinebutanoic acid, D-phenylalanine, L-Phenylalanine, D-Phenylalanine, Phenylalanine
157	trichloromethyl radical, Chloroform, chloroform
1146	Trichocarpin, Astringin
1087	Tridecanoic acid, Tridecanoic acid, CAI-1, CAI-1
1174	Undecanoic acid, 4,6-Dimethylnonanoic acid, Undecanoic acid
74	urate, Uric acid, Casein, Urate
170	Urea-1-carboxylate
329	Ureidopropionic acid, L-Asparagine, N-Carbamoylsarcosine, D-Asparagine, N-Carbamoylsarcosine, L-Asparagine, Glycyl-glycine, glycylglycine, D-asparagine, Glycylglycine, 3-Ureidopropionate, L-Asparagine, Asparagine, Glycylglycine, L-asparagine
230	Ursocholic acid, Muricholic acid, 3b,7a,12a-Trihydroxy-5b-cholanoic acid, 1b,3a,7a-Trihydroxy-5b-cholanoic acid, 3a,6b,7b-Trihydroxy-5b-cholanoic acid, 2b,3a,7a-Trihydroxy-5b-cholanoic acid, 3a,7b,12a-Trihydroxy-5a-Cholanoic acid, 3b,7b,12a-Trihydroxy-5a-Cholanoic acid, 6a,12a-Dihydroxylithocholic acid, Alpha-Muricholic acid, Allocholic acid, Cholic acid, Hyocholic acid, 3b,7b,12a-Trihydroxy-5b-cholanoic acid, 3a,7b,12b-Trihydroxy-5b-cholanoic acid, 3a,4b,12a-Trihydroxy-5b-cholanoic acid, 1b,3a,12a-Trihydroxy-5b-cholanoic acid, 3a,4b,7a-Trihydroxy-5b-cholanoic acid, 3a,7a,12b-Trihydroxy-5b-cholanoic acid, 3b,7a,12a-Trihydroxy-5a-Cholanoic acid, 1,3,12-Trihydroxycholan-24-oic acid, 3a,6a,7b-Trihydroxy-5b-cholanoic acid, Bile salt, Butirosin, omega-Muricholate, beta-Muricholate, Allocholic acid, Haemulcholate, Avicholate, Vulpecholate, beta-Phocaecholate, Bitocholate, Ursocholate, alpha-Muricholate, Hyocholate, muricholate, 3alpha,7alpha,12alpha-Trihydroxy-5beta-cholanate, 3alpha,7alpha,12beta-Trihydroxy-5beta-cholanate
354	Ursodeoxycholic acid, 3a,12b-Dihydroxy-5b-cholanoic acid, 3b,12a-Dihydroxy-5b-cholanoic acid, Allodeoxycholic acid, Chenodeoxycholic acid, Allochenodeoxycholic acid, Deoxycholic acid, Isoursodeoxycholic acid, Isohyodeoxycholic acid, Murocholic acid, Hyodeoxycholic acid, 3a,7a-Dihydroxycholanoic acid, 3b,7a-Dihydroxy-5b-cholanoic acid, 3b,12a-Dihydroxy-5a-cholanoic acid, 7b,12a-Dihydroxycholanoic acid, 7a,12b-dihydroxy-5b-Cholan-24-oic acid, 3b,12b-Dihydroxy-5b-cholanoic acid, Isodeoxycholic acid, 6beta-Hydroxylithocholate, Hyodeoxycholate, Isochenodeoxycholate, Isoursodeoxycholate, Isodeoxycholate, Allochenodeoxycholate, Allodeoxycholate, 12-Epideoxycholic acid, Ursodiol, ursodeoxycholate, Chenodeoxycholate, 3alpha,12alpha-Dihydroxy-5beta-cholanate
841	Ursodeoxycholic acid, 3a,12b-Dihydroxy-5b-cholanoic acid, 3b,12a-Dihydroxy-5b-cholanoic acid, Allodeoxycholic acid, Chenodeoxycholic acid, Allochenodeoxycholic acid, Deoxycholic acid, Isoursodeoxycholic acid, Isohyodeoxycholic acid, Murocholic acid, Hyodeoxycholic acid, 3a,7a-Dihydroxycholanoic acid, 3b,7a-Dihydroxy-5b-cholanoic acid, 3b,12a-Dihydroxy-5a-cholanoic acid, 7b,12a-Dihydroxycholanoic acid, 7a,12b-dihydroxy-5b-Cholan-24-oic acid, 3b,12b-Dihydroxy-5b-cholanoic acid, Isodeoxycholic acid, 6beta-Hydroxylithocholate, Hyodeoxycholate, Isochenodeoxycholate, Isoursodeoxycholate, Isodeoxycholate, Allochenodeoxycholate, Allodeoxycholate, 12-Epideoxycholic acid, Ursodiol, ursodeoxycholate, Chenodeoxycholate, 3alpha,12alpha-Dihydroxy-5beta-cholanate
177	Valeric acid, 3-Methylbutanoic acid, Isovaleric acid, methylacetoin, Ethylmethylacetic acid, Pentanoate
41	Vanillactic acid, 3-methoxy-4-hydroxyphenyllactate, n-Propyl gallate, n-propyl-gallate, Danielone
817	Vanillactic acid, 3-methoxy-4-hydroxyphenyllactate, n-Propyl gallate, n-propyl-gallate, Danielone
454	Vanillate, 1,2-Dihydrophthalic acid, p-Hydroxymandelic acid, 2,6-Dihydroxyphenylacetate, Vanillic acid, 3-Hydroxymandelic acid, 4-Hydroxymandelate, Homogentisic acid, Orsellinate, 3,4-Dihydroxyphenylacetate, (S)-4-Hydroxymandelate, 3,4-Dihydroxymandelaldehyde, 3_4-Dihydroxyphenylacetate, 4-Hydroxypheoxyacetate, (R)-4-Hydroxymandelate, 3,4-Dihydroxymandelaldehyde, 2-Hydroxy-6-oxoocta-2,4,7-trienoate, 5-Methoxysalicylic acid, 3,4-Dihydroxybenzeneacetic acid, 3,4-dihydroxyphenylglycolaldehyde, 2,6-Dimethoxybenzoquinone, Homogentisate, N-dimethylethanolamine phosphate, 4-Hydroxymethylsalicylate
